time/total_timesteps,rollout/ep_len_mean,rollout/ep_rew_mean,time/iterations,time/time_elapsed,time/fps,train/is_line_search_success,train/kl_divergence_loss,train/learning_rate,train/policy_objective,train/explained_variance,train/n_updates,train/std,train/value_loss
2048,24.0,-539.3042235294118,1,36,56,,,,,,,,
4096,24.0,-539.0214400000001,2,74,54,1.0,0.00541654834523797,0.001,0.04734737053513527,-0.0007724761962890625,1,0.9988271594047546,76624.62475585938
6144,24.0,-535.39418,3,112,54,1.0,0.006058619823306799,0.001,0.04506398364901543,0.0,2,1.0064457654953003,74116.79060058594
8192,24.0,-534.2167099999999,4,150,54,1.0,0.006758376955986023,0.001,0.05351598188281059,-1.1920928955078125e-07,3,1.0270884037017822,70416.07795410157
10240,24.0,-534.62347,5,187,54,1.0,0.006983095780014992,0.001,0.06301119923591614,1.7881393432617188e-07,4,1.0222606658935547,67293.18298339844
12288,24.0,-534.43268,6,225,54,1.0,0.007248279172927141,0.001,0.03974989801645279,0.0,5,1.0008779764175415,64634.134985351564
14336,24.0,-531.45004,7,263,54,1.0,0.005627174861729145,0.001,0.04221236705780029,-1.1920928955078125e-07,6,0.9902628064155579,62156.801025390625
16384,24.0,-526.11877,8,300,54,1.0,0.00746120186522603,0.001,0.037560902535915375,0.0,7,0.9895219206809998,59282.769360351565
18432,24.0,-517.09478,9,336,54,1.0,0.007830459624528885,0.001,0.05822902172803879,-2.384185791015625e-07,8,0.990273654460907,55331.05578613281
20480,24.0,-515.48734,10,374,54,1.0,0.007847407832741737,0.001,0.045038558542728424,0.0,9,0.9866233468055725,51674.87390136719
22528,24.0,-498.22276,11,411,54,1.0,0.007937967777252197,0.001,0.061324186623096466,0.0,10,0.9779168963432312,49344.65654296875
24576,24.0,-479.5469700000001,12,448,54,1.0,0.007631367072463036,0.001,0.049372438341379166,-2.384185791015625e-07,11,0.9858950972557068,43929.77680664063
26624,24.0,-475.8576700000001,13,485,54,1.0,0.005900033283978701,0.001,0.04847834259271622,0.0,12,1.0150202512741089,38955.64306640625
28672,24.0,-469.06192000000004,14,523,54,1.0,0.007833496667444706,0.001,0.051818836480379105,0.0,13,1.0201994180679321,37204.865197753905
30720,24.0,-468.0892,15,561,54,1.0,0.007861210964620113,0.001,0.0453769750893116,1.7881393432617188e-07,14,1.0216482877731323,34779.31627197265
32768,24.0,-455.8004700000001,16,598,54,1.0,0.0075898622162640095,0.001,0.04542730003595352,1.1920928955078125e-07,15,1.0260354280471802,33346.213317871094
34816,24.0,-442.59261999999995,17,636,54,1.0,0.007872023619711399,0.001,0.04699069634079933,7.152557373046875e-07,16,1.0198683738708496,30239.60224609375
36864,24.0,-444.577,18,673,54,1.0,0.007546940818428993,0.001,0.05468618869781494,3.039836883544922e-06,17,1.0154168605804443,27055.93927001953
38912,24.0,-428.1274500000001,19,711,54,1.0,0.006747129838913679,0.001,0.04016059637069702,3.0994415283203125e-06,18,1.0286431312561035,26824.46993408203
40960,24.0,-412.14732999999995,20,748,54,1.0,0.007484465837478638,0.001,0.06035667285323143,4.887580871582031e-06,19,1.008622646331787,23399.93349609375
43008,24.0,-406.93552999999997,21,786,54,1.0,0.005900728516280651,0.001,0.042168982326984406,5.364418029785156e-06,20,1.0272526741027832,20608.048181152342
45056,24.0,-415.00370000000004,22,824,54,1.0,0.007681375369429588,0.001,0.05123753845691681,5.7220458984375e-06,21,1.028719186782837,19843.0224609375
47104,24.0,-408.13136999999995,23,860,54,1.0,0.006656125653535128,0.001,0.06081210821866989,4.112720489501953e-06,22,1.047209620475769,20328.41033935547
49152,24.0,-410.84621999999996,24,899,54,1.0,0.006945345085114241,0.001,0.03653037175536156,5.245208740234375e-06,23,1.0566260814666748,18654.10315551758
51200,24.0,-395.96928,25,937,54,1.0,0.006979037541896105,0.001,0.05630224570631981,4.351139068603516e-06,24,1.0688449144363403,18791.533959960936
53248,24.0,-377.27554000000003,26,975,54,1.0,0.0077709536999464035,0.001,0.06029057502746582,5.7220458984375e-06,25,1.0597096681594849,16315.242919921875
55296,24.0,-359.55835,27,1013,54,1.0,0.005843845196068287,0.001,0.04606543481349945,7.62939453125e-06,26,1.047292947769165,14407.728930664063
57344,24.0,-341.89195000000007,28,1051,54,1.0,0.006675513461232185,0.001,0.06262877583503723,1.9371509552001953e-05,27,1.0739210844039917,12759.600341796875
59392,24.0,-333.60013,29,1088,54,1.0,0.006571392994374037,0.001,0.054358601570129395,0.03547382354736328,28,1.0783817768096924,11016.316101074219
61440,24.0,-324.58452,30,1125,54,1.0,0.0064711617305874825,0.001,0.059007834643125534,0.044439852237701416,29,1.0831574201583862,10724.512261962891
63488,24.0,-311.04812,31,1165,54,1.0,0.006358541548252106,0.001,0.04976100102066994,0.04992431402206421,30,1.0711075067520142,9875.30509033203
65536,24.0,-292.17885,32,1204,54,1.0,0.007689496967941523,0.001,0.06090886518359184,0.054538071155548096,31,1.0592402219772339,9201.156921386719
67584,24.0,-259.39662000000004,33,1242,54,1.0,0.007423126604408026,0.001,0.04330028221011162,0.0604780912399292,32,1.0706787109375,8101.83095703125
69632,24.0,-228.50215,34,1281,54,1.0,0.00903333816677332,0.001,0.06320153176784515,0.1211974024772644,33,1.067695140838623,6288.127548217773
71680,24.0,-184.45531000000003,35,1320,54,1.0,0.006890262942761183,0.001,0.057119809091091156,0.36361974477767944,34,1.062576174736023,3775.442010498047
73728,24.0,-147.3244,36,1358,54,1.0,0.008385405875742435,0.001,0.07011789083480835,0.5498722493648529,35,1.066071629524231,2085.2217376708986
75776,24.0,-114.01227999999999,37,1396,54,1.0,0.007736388128250837,0.001,0.08292371779680252,0.7759648859500885,36,1.060649037361145,941.4683006286621
77824,24.0,-78.99439,38,1434,54,1.0,0.008685275912284851,0.001,0.09591956436634064,0.7692949771881104,37,1.0649187564849854,677.1371143341064
79872,24.0,-54.89062,39,1472,54,1.0,0.008171864785254002,0.001,0.08152928203344345,0.6945216953754425,38,1.0847026109695435,451.42145042419435
81920,24.0,-26.24834,40,1511,54,1.0,0.008485672064125538,0.001,0.08833609521389008,0.8109685629606247,39,1.0740407705307007,398.85178899765015
83968,24.0,1.8920100000000002,41,1549,54,1.0,0.007883026264607906,0.001,0.08879135549068451,0.8419175446033478,40,1.0594935417175293,431.6206878662109
86016,24.0,25.64877,42,1588,54,1.0,0.007805220317095518,0.001,0.07425746321678162,0.8016746044158936,41,1.0504933595657349,601.0668298721314
88064,24.0,49.04766000000001,43,1627,54,1.0,0.007501218933612108,0.001,0.0971762090921402,0.7731889635324478,42,1.0742942094802856,772.0757724761963
90112,24.0,71.16084,44,1665,54,1.0,0.007789269555360079,0.001,0.07405394315719604,0.7622298300266266,43,1.0794998407363892,691.0907936096191
92160,24.0,90.83218000000001,45,1703,54,1.0,0.00786701962351799,0.001,0.07605648785829544,0.8310920596122742,44,1.069766640663147,698.8954029083252
94208,24.0,103.13475,46,1742,54,1.0,0.00757626723498106,0.001,0.06828241795301437,0.8200793266296387,45,1.059969425201416,608.0627893447876
96256,24.0,111.29179000000002,47,1781,54,1.0,0.008086632937192917,0.001,0.07829108089208603,0.8673139214515686,46,1.069404125213623,659.4806201934814
98304,24.0,116.96155,48,1818,54,1.0,0.007967510260641575,0.001,0.07405781000852585,0.8787288218736649,47,1.068345546722412,508.05999393463134
100352,24.0,119.10466000000001,49,1855,54,1.0,0.007777717430144548,0.001,0.05945901572704315,0.9102674424648285,48,1.0576869249343872,478.5970415115356
102400,24.0,124.56004000000001,50,1893,54,1.0,0.007775547914206982,0.001,0.07193516939878464,0.9313993081450462,49,1.0507994890213013,401.13372764587405
104448,24.0,128.0317,51,1931,54,1.0,0.0076555353589355946,0.001,0.06884454935789108,0.9314275309443474,50,1.0424071550369263,419.1331483840942
106496,24.0,129.63031999999998,52,1969,54,1.0,0.007755649276077747,0.001,0.054741185158491135,0.9415855668485165,51,1.0287480354309082,361.4687208175659
108544,24.0,134.0366,53,2007,54,1.0,0.0072786943055689335,0.001,0.0634237676858902,0.9551943875849247,52,1.0328469276428223,330.498074054718
110592,24.0,139.51318,54,2045,54,1.0,0.007589615415781736,0.001,0.08263504505157471,0.9592866152524948,53,1.0469342470169067,278.94708919525146
112640,24.0,144.27477,55,2083,54,1.0,0.0068808491341769695,0.001,0.06598710268735886,0.95591951161623,54,1.0551413297653198,308.86092920303344
114688,24.0,147.25411999999997,56,2120,54,1.0,0.007497678976505995,0.001,0.051509447395801544,0.9592789895832539,55,1.0754777193069458,309.99240856170655
116736,24.0,151.97453,57,2157,54,1.0,0.007495816331356764,0.001,0.05955326557159424,0.9622626416385174,56,1.0499815940856934,307.9743417739868
118784,24.0,153.70693,58,2195,54,1.0,0.007132551167160273,0.001,0.05563502758741379,0.9620497338473797,57,1.0513403415679932,294.21095037460327
120832,24.0,158.91885,59,2232,54,1.0,0.00807888712733984,0.001,0.07461206614971161,0.9653279557824135,58,1.053514003753662,305.2905155181885
122880,24.0,162.85998999999998,60,2270,54,1.0,0.00804383959621191,0.001,0.05554300546646118,0.9616904109716415,59,1.0606549978256226,291.3613995552063
124928,24.0,171.49093999999997,61,2307,54,1.0,0.008105390705168247,0.001,0.08206155896186829,0.9647573120892048,60,1.0668106079101562,284.745352935791
126976,24.0,175.95723999999998,62,2344,54,1.0,0.007967247627675533,0.001,0.06240091472864151,0.9679527543485165,61,1.0597463846206665,303.80527381896974
129024,24.0,180.14000999999996,63,2382,54,1.0,0.008176988922059536,0.001,0.064899742603302,0.9668567180633545,62,1.062228798866272,292.5163035392761
131072,24.0,184.37631999999996,64,2419,54,1.0,0.006067438516765833,0.001,0.03965765982866287,0.9694245345890522,63,1.0590616464614868,289.58096809387206
133120,24.0,188.55426,65,2457,54,1.0,0.008009206503629684,0.001,0.07110098004341125,0.970919243991375,64,1.0533552169799805,267.21774225234986
135168,24.0,194.77154,66,2495,54,1.0,0.008187432773411274,0.001,0.06981393694877625,0.9691077377647161,65,1.0598458051681519,278.47183933258054
137216,24.0,201.31489,67,2533,54,1.0,0.007765287067741156,0.001,0.07871939241886139,0.9686632640659809,66,1.0603805780410767,291.531050491333
139264,24.0,206.75280999999998,68,2571,54,1.0,0.008926198817789555,0.001,0.06562754511833191,0.968592181801796,67,1.073614478111267,291.50757150650026
141312,24.0,218.16236999999998,69,2609,54,1.0,0.00827486626803875,0.001,0.24483230710029602,0.9707031324505806,68,1.0800420045852661,283.93803272247317
143360,24.0,224.90147000000002,70,2647,54,1.0,0.008119897916913033,0.001,0.0693419799208641,0.9720425195991993,69,1.093672752380371,274.80452547073367
145408,24.0,230.82632999999998,71,2684,54,1.0,0.008197986520826817,0.001,0.053549304604530334,0.9696615096181631,70,1.1045253276824951,298.88854522705077
147456,24.0,236.17485,72,2722,54,1.0,0.007975224405527115,0.001,0.07454171776771545,0.9664118103682995,71,1.0934065580368042,297.8752485275269
149504,24.0,241.15305,73,2759,54,1.0,0.007998455315828323,0.001,0.0993231013417244,0.971677340567112,72,1.0934481620788574,288.2830328941345
151552,24.0,246.39267999999996,74,2797,54,1.0,0.00890567060559988,0.001,0.06366082280874252,0.9752410817891359,73,1.106857180595398,276.8748272895813
153600,24.0,251.74782,75,2834,54,1.0,0.00880785845220089,0.001,0.07228061556816101,0.9760806541889906,74,1.1035276651382446,264.14387264251707
155648,24.0,261.24171,76,2872,54,1.0,0.009092690423130989,0.001,0.07255439460277557,0.9759484846144915,75,1.1034138202667236,258.23802042007446
157696,24.0,268.84164999999996,77,2910,54,1.0,0.007205222267657518,0.001,0.08578939735889435,0.97803845256567,76,1.095390796661377,260.1863189697266
159744,24.0,278.59479,78,2947,54,1.0,0.008920486085116863,0.001,0.08575941622257233,0.9776475857943296,77,1.091838002204895,261.7398874282837
161792,24.0,282.58675,79,2985,54,1.0,0.00943209882825613,0.001,0.13010600209236145,0.9753253720700741,78,1.1005308628082275,263.8094200134277
163840,24.0,289.92575,80,3023,54,1.0,0.009329603053629398,0.001,0.06613656133413315,0.9767322111874819,79,1.098207712173462,258.59911460876464
165888,24.0,303.19019000000003,81,3060,54,1.0,0.009336930699646473,0.001,0.062211353331804276,0.9788795001804829,80,1.1017370223999023,251.79407939910888
167936,24.0,310.8281,82,3098,54,1.0,0.008954203687608242,0.001,0.06363748759031296,0.9772934466600418,81,1.10112726688385,258.45185298919677
169984,24.0,318.31439,83,3135,54,1.0,0.009154630824923515,0.001,0.07118752598762512,0.9785927888005972,82,1.0970683097839355,244.96666665077208
172032,24.0,326.07111999999995,84,3172,54,1.0,0.008363737724721432,0.001,0.08070829510688782,0.9785649068653584,83,1.1052520275115967,252.18283166885377
174080,24.0,335.40882999999997,85,3210,54,1.0,0.008562985807657242,0.001,0.08409606665372849,0.9808510690927505,84,1.1022969484329224,248.02341165542603
176128,24.0,342.35720000000003,86,3247,54,1.0,0.009893905371427536,0.001,0.06195951998233795,0.980317659676075,85,1.0999183654785156,263.3459661483765
178176,24.0,348.71126999999996,87,3285,54,1.0,0.007280877325683832,0.001,0.06492049992084503,0.9800094589591026,86,1.0973429679870605,249.50090246200563
180224,24.0,357.46387000000004,88,3322,54,1.0,0.006714462768286467,0.001,0.054672230035066605,0.9806083180010319,87,1.0968180894851685,241.26580715179443
182272,24.0,359.0066900000001,89,3360,54,1.0,0.008441789075732231,0.001,0.059882983565330505,0.9782326892018318,88,1.097542643547058,238.58604650497438
184320,24.0,364.4879700000001,90,3397,54,1.0,0.008779349736869335,0.001,0.04800669103860855,0.9819974657148123,89,1.095306634902954,250.44570903778077
186368,24.0,375.69124000000005,91,3434,54,1.0,0.008623707108199596,0.001,0.06776425987482071,0.9832731373608112,90,1.0966126918792725,222.600435256958
188416,24.0,379.9863199999999,92,3472,54,1.0,0.009344351477921009,0.001,0.04404009133577347,0.9804938565939665,91,1.0963820219039917,230.713135433197
190464,24.0,385.77327999999994,93,3510,54,1.0,0.008873886428773403,0.001,0.06366118043661118,0.9833714012056589,92,1.0974000692367554,236.20622711181642
192512,24.0,394.51914000000005,94,3547,54,1.0,0.0096023790538311,0.001,0.05866490304470062,0.9834956806153059,93,1.0991296768188477,228.1367847919464
194560,24.0,400.51334,95,3585,54,1.0,0.007017694879323244,0.001,0.0814637765288353,0.9827040042728186,94,1.098182201385498,255.02081203460693
196608,24.0,409.27164000000005,96,3624,54,1.0,0.006825900170952082,0.001,0.05383656919002533,0.9806816279888153,95,1.0984092950820923,265.06487703323364
198656,24.0,414.74363,97,3663,54,1.0,0.006770035717636347,0.001,0.041925098747015,0.9837130401283503,96,1.097864031791687,265.04871892929077
200704,24.0,421.4611499999999,98,3701,54,1.0,0.008532174862921238,0.001,0.10830323398113251,0.9827459789812565,97,1.0971049070358276,259.0941614151001
202752,24.0,431.84678,99,3739,54,1.0,0.009469985961914062,0.001,0.0687481164932251,0.9820586573332548,98,1.0921562910079956,256.94478073120115
204800,24.0,442.1754900000001,100,3777,54,1.0,0.009993515908718109,0.001,0.05891899764537811,0.984323164448142,99,1.092169165611267,264.26227283477783
206848,24.0,449.51947,101,3816,54,1.0,0.008830880746245384,0.001,0.05970633774995804,0.9826714247465134,100,1.0937024354934692,290.5849670410156
208896,24.0,457.1975,102,3854,54,1.0,0.008363029919564724,0.001,0.048372939229011536,0.9803057704120874,101,1.0943515300750732,296.49590892791747
210944,24.0,462.16830999999996,103,3892,54,1.0,0.009025965817272663,0.001,0.08181874454021454,0.9824017342180014,102,1.0936051607131958,301.47147159576417
212992,24.0,467.0302799999999,104,3931,54,1.0,0.008433510549366474,0.001,0.06295962631702423,0.9823921956121922,103,1.095922589302063,301.4289089202881
215040,24.0,471.23774000000003,105,3969,54,1.0,0.00970595795661211,0.001,0.06161553040146828,0.9842882622033358,104,1.0922414064407349,284.09921236038207
217088,24.0,474.18778000000003,106,4006,54,1.0,0.008969574235379696,0.001,0.055751733481884,0.9837342463433743,105,1.096387267112732,261.93823499679564
219136,24.0,479.71332,107,4044,54,1.0,0.009187677875161171,0.001,0.05818137153983116,0.9846522659063339,106,1.0944184064865112,281.38322315216067
221184,24.0,485.4108000000001,108,4081,54,1.0,0.008470508269965649,0.001,0.07364772260189056,0.9852981846779585,107,1.0930668115615845,289.054176902771
223232,24.0,485.3336699999999,109,4119,54,1.0,0.006617540027946234,0.001,0.05126439779996872,0.9843856170773506,108,1.0899463891983032,272.1544337272644
225280,24.0,489.38183,110,4157,54,1.0,0.008509178645908833,0.001,0.05194908007979393,0.9851322015747428,109,1.0890328884124756,284.0889494895935
227328,24.0,496.33732000000003,111,4195,54,1.0,0.008738880977034569,0.001,0.07270020246505737,0.9841761868447065,110,1.0873522758483887,290.8040905952454
229376,24.0,503.2853699999999,112,4233,54,1.0,0.008496341295540333,0.001,0.06514532119035721,0.9847140619531274,111,1.0871564149856567,285.33500452041625
231424,24.0,504.61973,113,4270,54,1.0,0.009089731611311436,0.001,0.07511847466230392,0.9841690361499786,112,1.0879664421081543,298.9598129272461
233472,24.0,510.55929999999995,114,4308,54,1.0,0.007049376145005226,0.001,0.06302616000175476,0.9816517047584057,113,1.0874361991882324,370.8475365638733
235520,24.0,513.66443,115,4346,54,1.0,0.006700680125504732,0.001,0.04455149173736572,0.9846942173317075,114,1.0922938585281372,288.6116233825684
237568,24.0,514.8282,116,4384,54,1.0,0.009083881042897701,0.001,0.06395819783210754,0.9861559122800827,115,1.0914989709854126,274.0650043487549
239616,24.0,521.3938599999999,117,4422,54,1.0,0.009198085404932499,0.001,0.0502820685505867,0.981514360755682,116,1.0899327993392944,292.534774017334
241664,24.0,517.6740799999999,118,4459,54,1.0,0.009346208535134792,0.001,0.07010932266712189,0.9872649386525154,117,1.0870251655578613,246.76703882217407
243712,24.0,522.91385,119,4497,54,1.0,0.008919036947190762,0.001,0.051102131605148315,0.986073425039649,118,1.0876420736312866,286.5451770782471
245760,24.0,531.4731,120,4534,54,1.0,0.008949434384703636,0.001,0.07267322391271591,0.9876233991235495,119,1.0888315439224243,259.87511053085325
247808,24.0,535.3769699999999,121,4572,54,1.0,0.009528213180601597,0.001,0.052536509931087494,0.9865453774109483,120,1.0846539735794067,270.895525932312
249856,24.0,539.5464599999999,122,4609,54,1.0,0.0060256896540522575,0.001,0.058437589555978775,0.984197748824954,121,1.081813097000122,295.775541305542
251904,24.0,545.24516,123,4647,54,1.0,0.007215871941298246,0.001,0.06169216334819794,0.9875548109412193,122,1.0834816694259644,284.0011971473694
253952,24.0,544.5571500000001,124,4684,54,1.0,0.0075738695450127125,0.001,0.03326202929019928,0.9873047806322575,123,1.082699179649353,277.87296800613404
256000,24.0,550.10928,125,4722,54,1.0,0.009785907343029976,0.001,0.0751023143529892,0.9805553462356329,124,1.079534649848938,322.43001756668093
258048,24.0,553.5059100000001,126,4760,54,1.0,0.00876100454479456,0.001,0.06859292089939117,0.985292705707252,125,1.078667163848877,261.5764965057373
260096,24.0,553.1798699999998,127,4797,54,1.0,0.008817549794912338,0.001,0.058463629335165024,0.9884534263983369,126,1.0780688524246216,233.63930616378784
262144,24.0,559.16036,128,4835,54,1.0,0.007933579385280609,0.001,0.05043317377567291,0.988287141546607,127,1.0758624076843262,246.09397068023682
264192,24.0,561.80709,129,4872,54,1.0,0.007881704717874527,0.001,0.06148198992013931,0.9870660221204162,128,1.0755213499069214,252.42593927383422
266240,24.0,562.5667599999999,130,4910,54,1.0,0.006322628352791071,0.001,0.05600685626268387,0.9878225577995181,129,1.0745354890823364,275.64450187683104
268288,24.0,564.7270400000001,131,4948,54,1.0,0.00832588691264391,0.001,0.04435379058122635,0.9875166872516274,130,1.073161244392395,276.76514492034914
270336,24.0,571.3773199999999,132,4985,54,1.0,0.00876274798065424,0.001,0.07256907969713211,0.9899088153615594,131,1.0742493867874146,249.2750933647156
272384,24.0,574.53716,133,5023,54,1.0,0.009001927450299263,0.001,0.061057716608047485,0.989623143337667,132,1.0746970176696777,235.08890733718872
274432,24.0,581.65409,134,5060,54,1.0,0.009053568355739117,0.001,0.07461629807949066,0.989245718345046,133,1.0740731954574585,239.21284828186035
276480,24.0,587.8314899999999,135,5097,54,1.0,0.009142470546066761,0.001,0.05244153365492821,0.9867087490856647,134,1.0744385719299316,258.7617778778076
278528,24.0,589.9407399999999,136,5135,54,1.0,0.008633609861135483,0.001,0.05779748409986496,0.9890000112354755,135,1.074145793914795,262.635018825531
280576,24.0,596.04974,137,5172,54,1.0,0.007957571186125278,0.001,0.05702339485287666,0.9897738564759493,136,1.0728551149368286,247.40548658370972
282624,24.0,600.13592,138,5210,54,1.0,0.008914872072637081,0.001,0.05993722751736641,0.9897410748526454,137,1.071802020072937,239.929669380188
284672,24.0,601.84735,139,5249,54,1.0,0.009903082624077797,0.001,0.06553706526756287,0.9902442349120975,138,1.075989842414856,219.47507734298705
286720,24.0,604.4344999999998,140,5289,54,1.0,0.007992326281964779,0.001,0.08599931001663208,0.9904319448396564,139,1.0760852098464966,216.9572253227234
288768,24.0,607.12406,141,5327,54,1.0,0.0084399888291955,0.001,0.05289817601442337,0.9916551364585757,140,1.076905369758606,202.31234006881715
290816,24.0,608.91296,142,5366,54,1.0,0.008787930011749268,0.001,0.0484306663274765,0.9921071017161012,141,1.079539179801941,187.72380208969116
292864,24.0,608.18501,143,5404,54,1.0,0.00739073334261775,0.001,0.03700186684727669,0.9923201366327703,142,1.0796113014221191,179.37168865203859
294912,24.0,608.30766,144,5443,54,1.0,0.008641677908599377,0.001,0.05843568965792656,0.992945168633014,143,1.0802735090255737,172.73461351394653
296960,24.0,607.71663,145,5482,54,1.0,0.009474371559917927,0.001,0.06035412475466728,0.9928021878004074,144,1.0766890048980713,159.23709745407103
299008,24.0,606.6524800000001,146,5520,54,1.0,0.00886237621307373,0.001,0.046530790627002716,0.9936921140179038,145,1.07280695438385,151.90899744033814
301056,24.0,607.92714,147,5559,54,1.0,0.009181481786072254,0.001,0.06831768155097961,0.9916197182610631,146,1.0716042518615723,194.7472767829895
303104,24.0,608.27276,148,5599,54,1.0,0.0085219731554389,0.001,0.045658715069293976,0.9843930210918188,147,1.07120943069458,162.558824968338
305152,24.0,608.4767100000001,149,5637,54,1.0,0.00883606169372797,0.001,0.049981120973825455,0.9927668203599751,148,1.0704535245895386,170.43655486106871
307200,24.0,608.3639400000001,150,5675,54,1.0,0.008067004382610321,0.001,0.05872751772403717,0.9940652186051011,149,1.067245364189148,143.44956588745117
309248,24.0,609.09571,151,5714,54,1.0,0.007031066343188286,0.001,0.044982340186834335,0.9934866805560887,150,1.0677192211151123,158.87422757148744
311296,24.0,608.58644,152,5753,54,1.0,0.008399485610425472,0.001,0.056230079382658005,0.9933700724504888,151,1.0632292032241821,149.47765955924987
313344,24.0,608.46216,153,5792,54,1.0,0.008787139318883419,0.001,0.06717877089977264,0.9933441369794309,152,1.0597336292266846,144.17915349006654
315392,24.0,608.5180399999999,154,5830,54,1.0,0.009613672271370888,0.001,0.036929674446582794,0.9932069340720773,153,1.058283805847168,145.8457848548889
317440,24.0,608.0276700000001,155,5868,54,1.0,0.00854136049747467,0.001,0.04317079111933708,0.9942762008868158,154,1.0591068267822266,140.17644228935242
319488,24.0,608.76424,156,5906,54,1.0,0.009013328701257706,0.001,0.0569969043135643,0.9940147073939443,155,1.0588209629058838,149.66979923248292
321536,24.0,610.0447399999999,157,5944,54,1.0,0.009070048108696938,0.001,0.050219591706991196,0.9939059135504067,156,1.0582249164581299,136.12563524246215
323584,24.0,609.3412599999999,158,5981,54,1.0,0.008460313081741333,0.001,0.06242712587118149,0.9943433487787843,157,1.0568146705627441,131.70601191520691
325632,24.0,608.96293,159,6019,54,1.0,0.009156023152172565,0.001,0.06387817114591599,0.9947307831607759,158,1.0558627843856812,134.66088824272157
327680,24.0,609.05734,160,6055,54,1.0,0.009402397088706493,0.001,0.04427972435951233,0.9947462198324502,159,1.0570107698440552,129.4861981868744
329728,24.0,609.09293,161,6093,54,1.0,0.00900603923946619,0.001,0.06095222383737564,0.9945280537940562,160,1.0547451972961426,126.1890655517578
331776,24.0,609.2500100000001,162,6130,54,1.0,0.008902807720005512,0.001,0.04908590391278267,0.9939489476382732,161,1.052825689315796,129.86803755760192
333824,24.0,608.81047,163,6168,54,1.0,0.008759060874581337,0.001,0.07198932021856308,0.9928972655907273,162,1.0524742603302002,130.19603943824768
335872,24.0,608.55983,164,6205,54,1.0,0.007355464622378349,0.001,0.0696335881948471,0.99424784258008,163,1.053954839706421,124.40203018188477
337920,24.0,608.6106100000001,165,6243,54,1.0,0.007409220561385155,0.001,0.055575404316186905,0.9934906102716923,164,1.0502653121948242,130.74259538650512
339968,24.0,609.0045200000001,166,6281,54,1.0,0.008869537152349949,0.001,0.0650348961353302,0.9948249259032309,165,1.0525110960006714,130.5779974937439
342016,24.0,609.4526500000001,167,6318,54,1.0,0.008148889057338238,0.001,0.06620149314403534,0.9941929546184838,166,1.0537735223770142,128.73646836280824
344064,24.0,609.82385,168,6355,54,1.0,0.008792396634817123,0.001,0.07407751679420471,0.9940935289487243,167,1.0531246662139893,122.73525857925415
346112,24.0,609.8776799999999,169,6392,54,1.0,0.0064316196367144585,0.001,0.03193458169698715,0.9944196972064674,168,1.0540038347244263,125.53344902992248
348160,24.0,609.8622300000001,170,6430,54,1.0,0.006833977531641722,0.001,0.0527477003633976,0.9943648027256131,169,1.05409574508667,124.01277904510498
350208,24.0,609.62087,171,6467,54,1.0,0.006789214909076691,0.001,0.05640580132603645,0.994907601736486,170,1.0555135011672974,128.1237332344055
352256,24.0,609.5222,172,6504,54,1.0,0.007501800078898668,0.001,0.08418499678373337,0.9950159671716392,171,1.0549556016921997,116.4614414215088
354304,24.0,609.186,173,6542,54,1.0,0.007816473953425884,0.001,0.06851469725370407,0.9943340215831995,172,1.0551015138626099,122.3399290561676
356352,24.0,608.9904000000001,174,6579,54,1.0,0.007885118946433067,0.001,0.04171222448348999,0.9950802358798683,173,1.0577633380889893,121.51654725074768
358400,24.0,608.5780300000001,175,6616,54,1.0,0.007635635323822498,0.001,0.06416697800159454,0.9949740306474268,174,1.0603636503219604,128.32033395767212
360448,24.0,608.46575,176,6654,54,1.0,0.008527329191565514,0.001,0.05611887574195862,0.9939833576790988,175,1.059365153312683,129.04258823394775
362496,24.0,608.7660900000001,177,6691,54,1.0,0.008771729655563831,0.001,0.05168263614177704,0.9945831196382642,176,1.0580672025680542,122.64356698989869
364544,24.0,609.35173,178,6728,54,1.0,0.009025014005601406,0.001,0.07750725001096725,0.9950866298750043,177,1.0577458143234253,121.3423171043396
366592,24.0,609.07473,179,6765,54,1.0,0.008878933265805244,0.001,0.04942364990711212,0.9941348913125694,178,1.0581896305084229,123.19519052505493
368640,24.0,609.51526,180,6803,54,1.0,0.009613681584596634,0.001,0.06550884991884232,0.995067139621824,179,1.0595570802688599,119.34136991500854
370688,24.0,609.78079,181,6840,54,1.0,0.009326697327196598,0.001,0.07155289500951767,0.9945600549690425,180,1.0564837455749512,117.77328567504883
372736,24.0,609.7754399999999,182,6878,54,1.0,0.008884284645318985,0.001,0.0781022310256958,0.9942319053225219,181,1.0580488443374634,122.82986326217652
374784,24.0,609.39828,183,6915,54,1.0,0.009104456752538681,0.001,0.06355702877044678,0.9949477324262261,182,1.0584197044372559,121.59203052520752
376832,24.0,609.5911100000001,184,6954,54,1.0,0.008782624267041683,0.001,0.07664364576339722,0.9943701885640621,183,1.061209797859192,125.58561687469482
378880,24.0,609.2949899999999,185,6991,54,1.0,0.008286330848932266,0.001,0.055657874792814255,0.9952170378528535,184,1.0649430751800537,116.52546935081482
380928,24.0,609.52464,186,7030,54,1.0,0.008531514555215836,0.001,0.0852719098329544,0.9950780756771564,185,1.065253734588623,113.02199354171753
382976,24.0,610.1062400000001,187,7069,54,1.0,0.009258629754185677,0.001,0.09942067414522171,0.9951842222362757,186,1.0667705535888672,111.7923369884491
385024,24.0,610.3279,188,7107,54,1.0,0.007731569930911064,0.001,0.04894709587097168,0.9953188723884523,187,1.06846284866333,126.66668753623962
387072,24.0,609.8579599999999,189,7145,54,1.0,0.009084234945476055,0.001,0.03859514743089676,0.9945199368521571,188,1.0704060792922974,117.38004183769226
389120,24.0,610.0944300000001,190,7184,54,1.0,0.008534640073776245,0.001,0.04348381236195564,0.9952675281092525,189,1.0698986053466797,119.70634155273437
391168,24.0,609.8146499999999,191,7223,54,1.0,0.008028018288314342,0.001,0.07447735965251923,0.995304396841675,190,1.0706959962844849,114.67455372810363
393216,24.0,610.3104,192,7269,54,1.0,0.008830352686345577,0.001,0.06823687255382538,0.9951991867274046,191,1.073233723640442,128.1803451538086
395264,24.0,609.98968,193,7312,54,1.0,0.00860670953989029,0.001,0.058062758296728134,0.9949899069033563,192,1.0749939680099487,122.10212659835815
397312,24.0,609.8710900000001,194,7350,54,1.0,0.00817700382322073,0.001,0.059607211500406265,0.9941171472892165,193,1.074931025505066,116.32696123123169
399360,24.0,609.6137200000001,195,7388,54,1.0,0.007301624398678541,0.001,0.0769425705075264,0.9952331301756203,194,1.0730458498001099,115.51588659286499
401408,24.0,610.02839,196,7425,54,1.0,0.0069659557193517685,0.001,0.03362412750720978,0.9954671054147184,195,1.071682333946228,112.85310621261597
403456,24.0,610.10337,197,7462,54,1.0,0.007657855749130249,0.001,0.07351541519165039,0.9943500519730151,196,1.0718274116516113,114.98411903381347
405504,24.0,610.02023,198,7500,54,1.0,0.007947397418320179,0.001,0.06672367453575134,0.995433731470257,197,1.0705002546310425,107.14152507781982
407552,24.0,609.76219,199,7538,54,1.0,0.008764375001192093,0.001,0.09698785096406937,0.995812114328146,198,1.0738965272903442,108.4685739517212
409600,24.0,609.65603,200,7575,54,1.0,0.007314154878258705,0.001,0.04494965821504593,0.9948110533878207,199,1.0733410120010376,105.50828394889831
411648,24.0,609.21273,201,7612,54,1.0,0.007745939772576094,0.001,0.056985169649124146,0.9958586152642965,200,1.074826717376709,104.62895684242248
413696,24.0,609.6659,202,7650,54,1.0,0.007719601970165968,0.001,0.06309863924980164,0.9959573443047702,201,1.0736322402954102,99.32155051231385
415744,24.0,609.9650800000001,203,7687,54,1.0,0.006608798634260893,0.001,0.0561223179101944,0.9960809010080993,202,1.073593258857727,97.07680759429931
417792,24.0,610.09948,204,7725,54,1.0,0.009724102914333344,0.001,0.06372396647930145,0.9960733498446643,203,1.074511170387268,103.91907348632813
419840,24.0,610.0437999999999,205,7762,54,1.0,0.00920316856354475,0.001,0.055259376764297485,0.9956488669849932,204,1.0686336755752563,99.02608704566956
421888,24.0,609.4741799999999,206,7799,54,1.0,0.008204757235944271,0.001,0.061351798474788666,0.9960050107911229,205,1.0690420866012573,106.36688885688781
423936,24.0,609.35895,207,7836,54,1.0,0.009053193964064121,0.001,0.06265123188495636,0.9959436417557299,206,1.0687257051467896,101.1237361907959
425984,24.0,609.2825799999999,208,7873,54,1.0,0.008150055073201656,0.001,0.07489736378192902,0.99547701748088,207,1.071771502494812,97.46175608634948
428032,24.0,609.4443699999999,209,7911,54,1.0,0.008147293701767921,0.001,0.09159236401319504,0.9960450334474444,208,1.0713454484939575,88.13800630569457
430080,24.0,609.847,210,7948,54,1.0,0.007582439575344324,0.001,0.06666562706232071,0.9963000088464469,209,1.0738717317581177,90.94679446220398
432128,24.0,609.72356,211,7985,54,1.0,0.008039929904043674,0.001,0.0638289526104927,0.9964134802576154,210,1.0727553367614746,87.75979163646699
434176,24.0,609.5676199999999,212,8023,54,1.0,0.009163251146674156,0.001,0.07428528368473053,0.9963332114275545,211,1.0722440481185913,96.07762384414673
436224,24.0,609.41719,213,8061,54,1.0,0.008523974567651749,0.001,0.0671357735991478,0.9962835295591503,212,1.0748010873794556,96.03000388145446
438272,24.0,609.20958,214,8098,54,1.0,0.009081250987946987,0.001,0.07860539853572845,0.996299606282264,213,1.0800604820251465,85.48547456264495
440320,24.0,609.62143,215,8136,54,1.0,0.007056094706058502,0.001,0.0481233112514019,0.9965425617992878,214,1.0813767910003662,90.20847418308259
442368,24.0,608.92821,216,8173,54,1.0,0.006660649087280035,0.001,0.0261803288012743,0.9963207426480949,215,1.0779818296432495,90.66863687038422
444416,24.0,609.6327299999999,217,8211,54,1.0,0.008589868433773518,0.001,0.059016287326812744,0.9964396569412202,216,1.0762434005737305,93.97260890007018
446464,24.0,609.4578900000001,218,8248,54,1.0,0.009504971094429493,0.001,0.043984510004520416,0.996178715955466,217,1.0725585222244263,102.1793065071106
448512,24.0,609.60042,219,8286,54,1.0,0.00793848279863596,0.001,0.045369841158390045,0.9959608064964414,218,1.0699824094772339,92.6540774345398
450560,24.0,609.8261900000001,220,8324,54,1.0,0.008235201239585876,0.001,0.06841062754392624,0.9963151956908405,219,1.0671305656433105,91.88496062755584
452608,24.0,609.91774,221,8363,54,1.0,0.007795273791998625,0.001,0.05643516778945923,0.9965150051284581,220,1.064497947692871,88.49281826019288
454656,24.0,608.7941300000001,222,8401,54,1.0,0.008170616813004017,0.001,0.045174624770879745,0.9962851132731885,221,1.0614711046218872,91.73343930244445
456704,24.0,609.61764,223,8439,54,1.0,0.008836551569402218,0.001,0.07337793707847595,0.9963515603449196,222,1.0602244138717651,100.11045932769775
458752,24.0,608.7819399999998,224,8476,54,1.0,0.008308238349854946,0.001,0.04376222938299179,0.9963897014968097,223,1.0583231449127197,84.40135598182678
460800,24.0,610.5441000000001,225,8514,54,1.0,0.008331737481057644,0.001,0.06032304838299751,0.9957627048715949,224,1.0538655519485474,83.33901331424713
462848,24.0,610.1942,226,8552,54,1.0,0.008775756694376469,0.001,0.054877616465091705,0.9967697381507605,225,1.0552862882614136,83.49862546920777
464896,24.0,610.67822,227,8590,54,1.0,0.008669686503708363,0.001,0.06420054286718369,0.9962066384032369,226,1.0530976057052612,92.61778457164765
466944,24.0,611.1419000000001,228,8627,54,1.0,0.009607712738215923,0.001,0.07366840541362762,0.9961639842949808,227,1.054755449295044,87.10967392921448
468992,24.0,611.2158000000001,229,8665,54,1.0,0.0089266961440444,0.001,0.0552198700606823,0.9949880470521748,228,1.0544099807739258,85.79714288711548
471040,24.0,611.57407,230,8703,54,1.0,0.009093362838029861,0.001,0.07197118550539017,0.9967428983654827,229,1.0523805618286133,83.34993357658387
473088,24.0,612.08204,231,8740,54,1.0,0.00749068520963192,0.001,0.0713832750916481,0.9963218485936522,230,1.0520474910736084,77.51285512447357
475136,24.0,611.96459,232,8777,54,1.0,0.008405596949160099,0.001,0.06639166176319122,0.9966308851726353,231,1.0488137006759644,78.70040311813355
477184,24.0,611.9210400000001,233,8815,54,1.0,0.008856693282723427,0.001,0.06224362179636955,0.9965828694403172,232,1.0434576272964478,80.98234136104584
479232,24.0,612.2042100000001,234,8854,54,1.0,0.008411898277699947,0.001,0.06588992476463318,0.9963564954232424,233,1.0455843210220337,88.87258224487304
481280,24.0,612.1379,235,8892,54,1.0,0.008951935917139053,0.001,0.11136772483587265,0.9969432416837662,234,1.0435911417007446,81.21675183773041
483328,24.0,612.81132,236,8930,54,1.0,0.008878368884325027,0.001,0.06162908673286438,0.9963293380569667,235,1.0424319505691528,85.00348777770996
485376,24.0,612.56773,237,8968,54,1.0,0.009558877907693386,0.001,0.06778566539287567,0.9969550613313913,236,1.0415719747543335,82.29395053386688
487424,24.0,612.59485,238,9007,54,1.0,0.008276286534965038,0.001,0.04959387704730034,0.9967925564851612,237,1.037186622619629,76.4160445690155
489472,24.0,612.3985,239,9044,54,1.0,0.009296296164393425,0.001,0.0624581053853035,0.9960742820985615,238,1.0377075672149658,85.12874436378479
491520,24.0,612.0906499999999,240,9082,54,1.0,0.00869741104543209,0.001,0.04824930056929588,0.9967338480055332,239,1.036750078201294,77.60485837459564
493568,24.0,612.1822099999999,241,9120,54,1.0,0.007669859100133181,0.001,0.05312354117631912,0.9965389685239643,240,1.0405044555664062,83.38115649223327
495616,24.0,612.54149,242,9158,54,1.0,0.008877157233655453,0.001,0.05366465821862221,0.996722518466413,241,1.0370430946350098,80.07636723518371
497664,24.0,612.1921299999999,243,9196,54,1.0,0.00867085624486208,0.001,0.0725494921207428,0.9967845948413014,242,1.0390700101852417,80.81814923286439
499712,24.0,612.24506,244,9234,54,1.0,0.008296252228319645,0.001,0.07180814445018768,0.9965752684511244,243,1.0381206274032593,78.08767378330231
501760,24.0,612.4495000000001,245,9272,54,1.0,0.0077474694699049,0.001,0.07669371366500854,0.9971629038918763,244,1.0375803709030151,66.33707938194274
503808,24.0,612.1133,246,9310,54,1.0,0.007750561460852623,0.001,0.05391436815261841,0.9966145737562329,245,1.0381138324737549,65.09560596942902
505856,24.0,612.26741,247,9348,54,1.0,0.008044127374887466,0.001,0.05272990092635155,0.9973182163666934,246,1.0379458665847778,93.35863676071168
507904,24.0,612.4339100000001,248,9386,54,1.0,0.009550344198942184,0.001,0.09102968126535416,0.996231626952067,247,1.0401281118392944,70.08512804508209
509952,24.0,612.2786500000001,249,9424,54,1.0,0.007923332042992115,0.001,0.06362029165029526,0.99752864590846,248,1.0364587306976318,62.87512230873108
512000,24.0,612.0868200000001,250,9461,54,1.0,0.008018912747502327,0.001,0.058137841522693634,0.9976175201591104,249,1.0337334871292114,70.1131439447403
514048,24.0,611.99094,251,9498,54,1.0,0.009200990200042725,0.001,0.07283458858728409,0.9975685817189515,250,1.0316693782806396,60.63980643749237
516096,24.0,611.5607800000001,252,9536,54,1.0,0.00877419114112854,0.001,0.0750856027007103,0.9976674756035209,251,1.0361645221710205,63.66952993869781
518144,24.0,611.46909,253,9575,54,1.0,0.005276848096400499,0.001,0.05759953707456589,0.997604179661721,252,1.0341674089431763,74.83607158660888
520192,24.0,611.38027,254,9614,54,1.0,0.008853447623550892,0.001,0.047282565385103226,0.9964186013676226,253,1.0315203666687012,72.29220125675201
522240,24.0,611.12546,255,9651,54,1.0,0.009092791937291622,0.001,0.04424464702606201,0.9971444585826248,254,1.0345321893692017,63.04631524085998
524288,24.0,611.6632400000001,256,9689,54,1.0,0.00904600229114294,0.001,0.0630536824464798,0.9975369123276323,255,1.0324267148971558,59.46158628463745
526336,24.0,611.6586699999999,257,9728,54,1.0,0.008330526761710644,0.001,0.05534537136554718,0.9972774023190141,256,1.030656337738037,62.538597321510316
528384,24.0,611.69367,258,9767,54,1.0,0.0069128479808568954,0.001,0.06514540314674377,0.9966167700476944,257,1.033896803855896,65.86867516040802
530432,24.0,611.69197,259,9806,54,1.0,0.007518486585468054,0.001,0.06396035850048065,0.9976520463824272,258,1.036393642425537,62.72880675792694
532480,24.0,611.73329,260,9845,54,1.0,0.00954113993793726,0.001,0.07024119049310684,0.9970894437283278,259,1.0333943367004395,55.1527462720871
534528,24.0,611.9150400000001,261,9883,54,1.0,0.005765639711171389,0.001,0.035122089087963104,0.9974867161363363,260,1.0329569578170776,75.12669215202331
536576,24.0,612.28791,262,9920,54,1.0,0.008429465815424919,0.001,0.06428226083517075,0.9975746083073318,261,1.0365574359893799,73.25113775730134
538624,24.0,612.5842700000001,263,9959,54,1.0,0.008620663546025753,0.001,0.132248193025589,0.9972339090891182,262,1.0348542928695679,63.764432954788205
540672,24.0,612.50431,264,9997,54,1.0,0.006825574208050966,0.001,0.06915095448493958,0.9973993417806923,263,1.0402690172195435,66.51260249614715
542720,24.0,612.1539600000001,265,10035,54,1.0,0.006777964532375336,0.001,0.046754539012908936,0.9975043465383351,264,1.0371649265289307,58.9827677488327
544768,24.0,612.7413999999999,266,10073,54,1.0,0.008770100772380829,0.001,0.08546160906553268,0.9977377308532596,265,1.0377507209777832,65.04957025051117
546816,24.0,612.8616400000001,267,10111,54,1.0,0.006476014852523804,0.001,0.052129752933979034,0.9974304477218539,266,1.035231590270996,57.962413620948794
548864,24.0,612.6279300000001,268,10150,54,1.0,0.00841458234935999,0.001,0.0664760172367096,0.9979119664058089,267,1.0366219282150269,63.434408116340634
550912,24.0,612.52974,269,10187,54,1.0,0.009155058301985264,0.001,0.05386387184262276,0.9970501174684614,268,1.029740810394287,56.68497097492218
552960,24.0,612.9557100000001,270,10226,54,1.0,0.007676052860915661,0.001,0.06911927461624146,0.9977437825873494,269,1.0267306566238403,61.96386215686798
555008,24.0,612.9290100000001,271,10265,54,1.0,0.008859697729349136,0.001,0.06349945813417435,0.9977437881752849,270,1.023563265800476,59.47858564853668
557056,24.0,612.7024700000001,272,10303,54,1.0,0.0065812645480036736,0.001,0.04251657798886299,0.9976857027504593,271,1.0268148183822632,54.74639821052551
559104,24.0,612.76646,273,10341,54,1.0,0.009220185689628124,0.001,0.05875856801867485,0.9978807498700917,272,1.0274510383605957,55.15151133537292
561152,24.0,612.92382,274,10380,54,1.0,0.008622217923402786,0.001,0.061467431485652924,0.9978219326585531,273,1.0229482650756836,59.83693697452545
563200,24.0,612.9837200000001,275,10418,54,1.0,0.0077573154121637344,0.001,0.052227918058633804,0.9978650761768222,274,1.017743468284607,62.708211064338684
565248,24.0,613.1658,276,10456,54,1.0,0.009468133561313152,0.001,0.050219129770994186,0.9962703094352037,275,1.0128804445266724,68.44502277374268
567296,24.0,613.2334299999999,277,10494,54,1.0,0.008161447010934353,0.001,0.06934316456317902,0.9948389329947531,276,1.0159300565719604,62.59028537273407
569344,24.0,613.4112900000001,278,10532,54,1.0,0.008586208336055279,0.001,0.06614165008068085,0.9976714942604303,277,1.0160431861877441,58.97353901863098
571392,24.0,613.60357,279,10571,54,1.0,0.008458488620817661,0.001,0.07040556520223618,0.996193895349279,278,1.008640170097351,60.42134648561478
573440,24.0,613.5827499999999,280,10609,54,1.0,0.006631107535213232,0.001,0.04736899957060814,0.9977868448477238,279,1.006522297859192,51.60662369728088
575488,24.0,613.58985,281,10647,54,1.0,0.008601673878729343,0.001,0.05752364173531532,0.9981634848518297,280,1.0067301988601685,53.7317332983017
577536,24.0,613.71365,282,10686,54,1.0,0.006583675742149353,0.001,0.05024417117238045,0.997336545959115,281,1.0041390657424927,53.86810795068741
579584,24.0,613.6761000000001,283,10724,54,1.0,0.0067132036201655865,0.001,0.05485505610704422,0.9973560026846826,282,1.004268765449524,56.75578622817993
581632,24.0,613.5607699999999,284,10762,54,1.0,0.007355429232120514,0.001,0.06740647554397583,0.9979343479499221,283,1.0078599452972412,50.714324140548705
583680,24.0,613.5824600000001,285,10800,54,1.0,0.0072533320635557175,0.001,0.05067501962184906,0.9976734879892319,284,1.005568504333496,51.80752673149109
585728,24.0,613.50303,286,10838,54,1.0,0.006312665529549122,0.001,0.06676192581653595,0.9979714823421091,285,1.006851315498352,55.860641384124754
587776,24.0,613.58302,287,10876,54,1.0,0.008923298679292202,0.001,0.06955394148826599,0.9980273777619004,286,1.0049865245819092,49.75019965171814
589824,24.0,613.1635799999999,288,10914,54,1.0,0.008570480160415173,0.001,0.07021138072013855,0.9979194297920913,287,1.0016040802001953,63.64946608543396
591872,24.0,613.01142,289,10952,54,1.0,0.008543116971850395,0.001,0.04410148411989212,0.9976782407611609,288,1.0038142204284668,50.35461435317993
593920,24.0,613.13064,290,10990,54,1.0,0.009109019301831722,0.001,0.08616213500499725,0.997923540417105,289,1.0067726373672485,50.54873771667481
595968,24.0,613.60408,291,11028,54,1.0,0.008628725074231625,0.001,0.05967295914888382,0.998105647508055,290,1.009239912033081,51.00343328714371
598016,24.0,613.24266,292,11066,54,1.0,0.008635559119284153,0.001,0.05329054594039917,0.9979637311771512,291,1.0060508251190186,56.97405209541321
600064,24.0,612.97786,293,11104,54,1.0,0.008499295450747013,0.001,0.0679761990904808,0.9962240380700678,292,1.009061336517334,53.441316676139834
602112,24.0,613.0629299999999,294,11141,54,1.0,0.00933899823576212,0.001,0.05501852557063103,0.9945492455735803,293,1.0119104385375977,59.1660920381546
604160,24.0,613.2167999999999,295,11179,54,1.0,0.009461822919547558,0.001,0.07056459784507751,0.9980134372599423,294,1.0124796628952026,53.26185762882233
606208,24.0,613.4221400000001,296,11217,54,1.0,0.007373302709311247,0.001,0.0444144681096077,0.998229801771231,295,1.0087088346481323,46.82034372091293
608256,24.0,613.48196,297,11254,54,1.0,0.007755023427307606,0.001,0.056563880294561386,0.9982197429053485,296,1.01082181930542,49.76084772348404
610304,24.0,613.78775,298,11292,54,1.0,0.009127423167228699,0.001,0.06762675940990448,0.9981681637000293,297,1.0142849683761597,47.254941654205325
612352,24.0,613.81339,299,11329,54,1.0,0.008408545516431332,0.001,0.04800475388765335,0.9974518525414169,298,1.0103837251663208,55.7591420173645
614400,24.0,613.43768,300,11367,54,1.0,0.007290227338671684,0.001,0.05657956004142761,0.9979862826876342,299,1.0117313861846924,58.1344988822937
616448,24.0,613.3171699999999,301,11406,54,1.0,0.009164058603346348,0.001,0.08607496321201324,0.9979577551130205,300,1.0103919506072998,50.712656152248385
618496,24.0,613.4109300000001,302,11443,54,1.0,0.008797467686235905,0.001,0.05783916637301445,0.9978893252555281,301,1.0111277103424072,54.64332044124603
620544,24.0,613.78385,303,11481,54,1.0,0.007925577461719513,0.001,0.05106983333826065,0.9974362070206553,302,1.0131092071533203,65.80181243419648
622592,24.0,614.05775,304,11520,54,1.0,0.006764986086636782,0.001,0.04190512374043465,0.9978060096036643,303,1.0098850727081299,54.34211468696594
624640,24.0,614.22712,305,11558,54,1.0,0.009043574333190918,0.001,0.06836692988872528,0.9978393600322306,304,1.011715292930603,60.826602935791016
626688,24.0,614.18885,306,11597,54,1.0,0.008594213984906673,0.001,0.049535591155290604,0.9975312184542418,305,1.011016607284546,49.22543656826019
628736,24.0,614.06737,307,11635,54,1.0,0.007615080568939447,0.001,0.05139508843421936,0.9980033568572253,306,1.014208436012268,52.83995316028595
630784,24.0,614.1324499999998,308,11673,54,1.0,0.007524280343204737,0.001,0.07400453090667725,0.9975945581682026,307,1.0196067094802856,53.36215724945068
632832,24.0,614.3821699999999,309,11710,54,1.0,0.009036827832460403,0.001,0.05970686674118042,0.9978893809020519,308,1.0220582485198975,48.275275111198425
634880,24.0,614.1567100000001,310,11749,54,1.0,0.007659795694053173,0.001,0.07621832191944122,0.9981731929583475,309,1.009066104888916,54.43359571695328
636928,24.0,613.99091,311,11787,54,1.0,0.007188519462943077,0.001,0.04419035464525223,0.9978691227734089,310,1.0067168474197388,49.27577986717224
638976,24.0,614.21569,312,11826,54,1.0,0.007869110442698002,0.001,0.05851728469133377,0.998187949298881,311,1.006101369857788,55.38793485164642
641024,24.0,614.37569,313,11865,54,1.0,0.008864369243383408,0.001,0.05542504042387009,0.9980489996960387,312,1.0054473876953125,57.77689037322998
643072,24.0,614.2515099999999,314,11903,54,1.0,0.008341224864125252,0.001,0.07466515153646469,0.993523187469691,313,1.0054513216018677,63.39918540716171
645120,24.0,614.4848299999999,315,11942,54,1.0,0.00838781800121069,0.001,0.06089356541633606,0.9979084804654121,314,1.0107769966125488,53.65794953107834
647168,24.0,614.57583,316,11981,54,1.0,0.007555845659226179,0.001,0.06689149886369705,0.9980260585434735,315,1.01181960105896,51.12878122329712
649216,24.0,614.84604,317,12020,54,1.0,0.008708297275006771,0.001,0.056485116481781006,0.9982401225715876,316,1.0137503147125244,44.126129269599915
651264,24.0,614.90774,318,12058,54,1.0,0.009098435752093792,0.001,0.06602483987808228,0.9981064585736021,317,1.0097529888153076,52.83429526090622
653312,24.0,614.8189500000001,319,12096,54,1.0,0.00866860430687666,0.001,0.06657082587480545,0.9980937042273581,318,1.0120335817337036,53.13068821430206
655360,24.0,614.85789,320,12134,54,1.0,0.008350825868546963,0.001,0.06613375246524811,0.9980092849582434,319,1.0159881114959717,57.10491795539856
657408,24.0,614.9094399999999,321,12173,54,1.0,0.008908858522772789,0.001,0.06416566669940948,0.998279066523537,320,1.0122414827346802,52.984508621692655
659456,24.0,615.26246,322,12211,54,1.0,0.008151347748935223,0.001,0.06749052554368973,0.9978692585136741,321,1.0075570344924927,46.81475577354431
661504,24.0,615.1555600000002,323,12250,53,1.0,0.007842561230063438,0.001,0.057203251868486404,0.9980340036563575,322,1.003817081451416,50.314259147644044
663552,24.0,615.23728,324,12289,53,1.0,0.008089782670140266,0.001,0.07309243828058243,0.9980710739037022,323,1.0067496299743652,57.92840948104858
665600,24.0,615.2558600000001,325,12327,53,1.0,0.008123418316245079,0.001,0.03636102005839348,0.9976444265339524,324,1.0023505687713623,51.847574734687804
667648,24.0,615.20089,326,12366,53,1.0,0.007953422144055367,0.001,0.06716568022966385,0.9980212487280369,325,0.9986380934715271,50.62612774372101
669696,24.0,615.49083,327,12405,53,1.0,0.009003731422126293,0.001,0.07496832311153412,0.9964244053699076,326,1.002732276916504,55.29004085063934
671744,24.0,615.4009199999999,328,12443,53,1.0,0.008907253853976727,0.001,0.06331413984298706,0.9981508231721818,327,0.9984281659126282,48.643786025047305
673792,24.0,615.42052,329,12481,53,1.0,0.008590982295572758,0.001,0.03735342249274254,0.9982672231271863,328,0.9986530542373657,53.07667545080185
675840,24.0,615.39089,330,12519,53,1.0,0.008566733449697495,0.001,0.07082884758710861,0.9979880526661873,329,0.996988832950592,53.65218594074249
677888,24.0,614.9327400000001,331,12556,53,1.0,0.008755908347666264,0.001,0.08688091486692429,0.9980174973607063,330,0.9965000748634338,52.043524217605594
679936,24.0,614.948,332,12594,53,1.0,0.00956042017787695,0.001,0.07363665103912354,0.998128998442553,331,0.9942371249198914,50.535936987400056
681984,24.0,614.86832,333,12632,53,1.0,0.009156765416264534,0.001,0.0744735598564148,0.9979309923946857,332,0.9926979541778564,58.353134107589725
684032,24.0,615.2275500000001,334,12669,53,1.0,0.00918892864137888,0.001,0.06835991144180298,0.9981976441340521,333,0.9909660220146179,46.97174186706543
686080,24.0,614.7530300000001,335,12708,53,1.0,0.0070833307690918446,0.001,0.06073877960443497,0.9983186620520428,334,0.9934995770454407,44.48444548845291
688128,24.0,614.7837199999999,336,12746,53,1.0,0.008485943078994751,0.001,0.07360295206308365,0.9982609528815374,335,0.9958510994911194,48.599547028541565
690176,24.0,614.6460099999999,337,12784,53,1.0,0.009264099411666393,0.001,0.07121892273426056,0.998354404931888,336,0.9945173263549805,45.907834815979
692224,24.0,614.8811900000001,338,12824,53,1.0,0.009650934487581253,0.001,0.055925868451595306,0.998278001206927,337,0.9927478432655334,62.18300776481628
694272,24.0,615.04647,339,12865,53,1.0,0.009665693156421185,0.001,0.07413727045059204,0.9978765619453043,338,0.9918636679649353,45.77393075227737
696320,24.0,615.0352000000001,340,12904,53,1.0,0.008858038112521172,0.001,0.05829513818025589,0.9981440575793386,339,0.9936150908470154,56.08741832971573
698368,24.0,615.3996899999999,341,12944,53,1.0,0.008610927499830723,0.001,0.07708649337291718,0.9983482797397301,340,0.988477349281311,44.16440374851227
700416,24.0,615.3163300000001,342,12985,53,1.0,0.009136248379945755,0.001,0.09929262846708298,0.9982983004301786,341,0.9934629797935486,50.64351689815521
702464,24.0,615.02967,343,13024,53,1.0,0.008650045841932297,0.001,0.054601170122623444,0.9979888836387545,342,0.9919602870941162,43.11282629966736
704512,24.0,615.2579799999999,344,13065,53,1.0,0.009301618672907352,0.001,0.07030073553323746,0.9984121142188087,343,0.9930152297019958,43.221923685073854
706560,24.0,615.19249,345,13104,53,1.0,0.009567166678607464,0.001,0.06653889268636703,0.997912754304707,344,0.9936792850494385,51.19915965795517
708608,24.0,615.5992500000001,346,13142,53,1.0,0.009946485050022602,0.001,0.0683492124080658,0.9981114570982754,345,0.9916616082191467,49.073649322986604
710656,24.0,615.1551900000001,347,13181,53,1.0,0.00913828331977129,0.001,0.06597346812486649,0.9982256692601368,346,0.9890548586845398,45.236156368255614
712704,24.0,614.9383999999999,348,13220,53,1.0,0.00789799727499485,0.001,0.07199816405773163,0.9969663508236408,347,0.987870991230011,48.21555547714233
714752,24.0,615.5056500000001,349,13259,53,1.0,0.008833033964037895,0.001,0.05755919590592384,0.9980828568805009,348,0.992439329624176,56.51654007434845
716800,24.0,614.3291,350,13298,53,1.0,0.00794639065861702,0.001,0.06307071447372437,0.9983148971805349,349,0.9970861673355103,59.40646647214889
718848,24.0,614.82381,351,13337,53,1.0,0.009080944582819939,0.001,0.044729556888341904,0.9968000873923302,350,0.9985746741294861,53.249078476428984
720896,24.0,614.83677,352,13374,53,1.0,0.009058128111064434,0.001,0.0734294056892395,0.9983622948639095,351,0.9996709823608398,43.90234980583191
722944,24.0,614.2152600000001,353,13412,53,1.0,0.009000342339277267,0.001,0.06513186544179916,0.9979921197518706,352,1.0010014772415161,47.74055399894714
724992,24.0,613.84459,354,13451,53,1.0,0.005683764815330505,0.001,0.04397158324718475,0.9980526235885918,353,1.002219319343567,49.93190598487854
727040,24.0,614.49195,355,13489,53,1.0,0.007314652670174837,0.001,0.06317334622144699,0.9971843068487942,354,1.0011012554168701,48.814620196819305
729088,24.0,614.58542,356,13527,53,1.0,0.008847882971167564,0.001,0.08747665584087372,0.9977926372084767,355,1.0002020597457886,51.9095180273056
731136,24.0,614.2244300000001,357,13565,53,1.0,0.008991984650492668,0.001,0.07967729866504669,0.9982420881278813,356,0.9958606958389282,49.642443454265596
733184,24.0,613.7918099999999,358,13604,53,1.0,0.008078139275312424,0.001,0.05535717308521271,0.9977599361445755,357,0.9926479458808899,47.0899597287178
735232,24.0,613.2812200000001,359,13642,53,1.0,0.009444660507142544,0.001,0.0717897117137909,0.9982964273076504,358,0.9890466928482056,53.29934011697769
737280,24.0,614.1112899999999,360,13681,53,1.0,0.008900466375052929,0.001,0.0730205774307251,0.997877491870895,359,0.9841057062149048,48.673508977890016
739328,24.0,614.54866,361,13718,53,1.0,0.008625773712992668,0.001,0.06327582895755768,0.9984370104502887,360,0.9860655069351196,50.91449288129807
741376,24.0,614.29952,362,13755,53,1.0,0.008656785823404789,0.001,0.07641160488128662,0.9976212561596185,361,0.9885094165802002,42.410030925273894
743424,24.0,613.86593,363,13793,53,1.0,0.008420259691774845,0.001,0.06591689586639404,0.9983930138405412,362,0.9884151816368103,45.24733030796051
745472,24.0,614.40367,364,13832,53,1.0,0.00886773131787777,0.001,0.07136618345975876,0.9983799328329042,363,0.987652063369751,51.78620384931564
747520,24.0,614.61049,365,13871,53,1.0,0.006438024342060089,0.001,0.058143921196460724,0.9979460653848946,364,0.9889988303184509,46.34124757051468
749568,24.0,614.55944,366,13909,53,1.0,0.009260623715817928,0.001,0.07329504936933517,0.9981765520060435,365,0.9870154857635498,49.952569890022275
751616,24.0,614.46446,367,13947,53,1.0,0.009116237983107567,0.001,0.05877956748008728,0.997636818792671,366,0.9882667660713196,49.29224458932877
753664,24.0,614.88096,368,13985,53,1.0,0.008946722373366356,0.001,0.07713626325130463,0.9981095802504569,367,0.9922694563865662,44.71924726963043
755712,24.0,614.9897199999999,369,14022,53,1.0,0.00830354355275631,0.001,0.0708245113492012,0.9980710399104282,368,0.9920942187309265,47.89024269580841
757760,24.0,615.1242,370,14059,53,1.0,0.009410390630364418,0.001,0.07138051092624664,0.9984315464971587,369,0.9924968481063843,41.73350731134415
759808,24.0,614.6746500000002,371,14096,53,1.0,0.009459935128688812,0.001,0.063959501683712,0.9984737528720871,370,0.9899375438690186,45.9800728559494
761856,24.0,614.0541200000001,372,14134,53,1.0,0.00843761581927538,0.001,0.07331985235214233,0.9978523789905012,371,0.9886588454246521,46.035433971881865
763904,24.0,614.25725,373,14171,53,1.0,0.008153178729116917,0.001,0.05707412213087082,0.9983524100389332,372,0.9863652586936951,48.6456893324852
765952,24.0,614.28054,374,14209,53,1.0,0.007558238226920366,0.001,0.05879726633429527,0.9983399232150987,373,0.9847421050071716,40.07147351503372
768000,24.0,614.2194599999999,375,14246,53,1.0,0.009230413474142551,0.001,0.0689341351389885,0.9984188266098499,374,0.9805315136909485,49.04232407808304
770048,24.0,614.08928,376,14283,53,1.0,0.00595157640054822,0.001,0.04341558367013931,0.9982906372752041,375,0.9798101782798767,56.05486431121826
772096,24.0,614.2230400000001,377,14320,53,1.0,0.008362220600247383,0.001,0.06482352316379547,0.9981986646307632,376,0.9813209176063538,49.156546676158904
774144,24.0,614.10022,378,14357,53,1.0,0.008003615774214268,0.001,0.06605203449726105,0.9973632283508778,377,0.981032133102417,73.85983803272248
776192,24.0,614.53224,379,14394,53,1.0,0.008204580284655094,0.001,0.06448199599981308,0.9982185699045658,378,0.9811338186264038,47.593896615505216
778240,24.0,614.22901,380,14431,53,1.0,0.007918638177216053,0.001,0.060871683061122894,0.997244329424575,379,0.980455219745636,47.68580913543701
780288,24.0,614.0502099999999,381,14468,53,1.0,0.00875735655426979,0.001,0.056439075618982315,0.9984087753109634,380,0.98666912317276,43.836279678344724
782336,24.0,614.03047,382,14506,53,1.0,0.00908601377159357,0.001,0.0548059418797493,0.9977954430505633,381,0.9851813912391663,38.95661708116531
784384,24.0,614.19224,383,14543,53,1.0,0.008389336057007313,0.001,0.08307956904172897,0.9977044158149511,382,0.9842272400856018,43.630682218074796
786432,24.0,613.9170500000001,384,14581,53,1.0,0.008662634529173374,0.001,0.07400108128786087,0.9983896184712648,383,0.9831766486167908,51.72589106559754
788480,24.0,613.6138100000001,385,14619,53,1.0,0.006471552420407534,0.001,0.053429894149303436,0.997667173622176,384,0.9800743460655212,42.23507846593857
790528,24.0,613.8607,386,14658,53,1.0,0.006991867907345295,0.001,0.06041713058948517,0.9979482353664935,385,0.9777055382728577,57.710721170902254
792576,24.0,614.049,387,14695,53,1.0,0.008172264322638512,0.001,0.055220313370227814,0.9982477999292314,386,0.9737417697906494,52.554617977142335
794624,24.0,614.31869,388,14732,53,1.0,0.00956646166741848,0.001,0.07901366055011749,0.9984095541294664,387,0.9730369448661804,44.34986629486084
796672,24.0,614.3782999999999,389,14771,53,1.0,0.009040978737175465,0.001,0.10152725130319595,0.998138552880846,388,0.9712579250335693,45.027325010299684
798720,24.0,614.48132,390,14810,53,1.0,0.009605764411389828,0.001,0.20163238048553467,0.9982246308354661,389,0.9739940166473389,45.10264576673508
800768,24.0,614.23322,391,14848,53,1.0,0.008574008010327816,0.001,0.08312629908323288,0.9970337266568094,390,0.9749717116355896,48.88321681022644
802816,24.0,614.1691300000001,392,14886,53,1.0,0.008854568935930729,0.001,0.06602092832326889,0.9958298993296921,391,0.976035475730896,50.04077560901642
804864,24.0,613.5514499999999,393,14925,53,1.0,0.00913885235786438,0.001,0.10028831660747528,0.9983669553184882,392,0.9759427905082703,44.998737406730655
806912,24.0,614.0736499999999,394,14964,53,1.0,0.008487693965435028,0.001,0.052692051976919174,0.9975756283383816,393,0.975534200668335,51.71451449394226
808960,24.0,613.8723399999999,395,15003,53,1.0,0.009102611802518368,0.001,0.06142733246088028,0.99848201230634,394,0.9766048789024353,41.255679678916934
811008,24.0,614.3796900000001,396,15031,53,1.0,0.00752982497215271,0.001,0.06909224390983582,0.9985367369372398,395,0.9748044610023499,45.21181530952454
