time/time_elapsed,time/fps,time/iterations,time/total_timesteps,rollout/ep_rew_mean,rollout/ep_len_mean,train/learning_rate,train/clip_fraction,train/value_loss,train/std,train/explained_variance,train/policy_gradient_loss,train/n_updates,train/loss,train/clip_range,train/approx_kl,train/entropy_loss
21,94,1,2048,-542.4130471,24,,,,,,,,,,,
44,92,2,4096,-543.01664,24,0.0003,0.087451172,78451.79431,0.997202098,-0.00084734,-0.006040238,10,34561.89063,0.2,0.00857745,-15.59172802
71,85,3,6144,-538.75805,24,0.0003,0.074267578,77115.99839,1.002728105,1.73E-06,-0.006346883,20,38487.66406,0.2,0.006440692,-15.6078925
100,81,4,8192,-541.5174,24,0.0003,0.088085938,74391.77367,0.999837339,0,-0.006982727,30,40426.98438,0.2,0.007291147,-15.62005364
136,74,5,10240,-537.75065,24,0.0003,0.051757813,73444.71095,0.999242604,-1.19E-07,-0.004013714,40,33003.94531,0.2,0.005633412,-15.60277162
175,70,6,12288,-537.5026,24,0.0003,0.054931641,70566.68711,1.003929257,-1.19E-07,-0.004014211,50,33080.46094,0.2,0.006750728,-15.62807026
213,67,7,14336,-534.97206,24,0.0003,0.074316406,68560.95074,1.002981424,2.38E-07,-0.003436685,60,31592.42578,0.2,0.006126529,-15.64428319
251,65,8,16384,-534.6531,24,0.0003,0.100341797,66425.01256,1.000481606,0,-0.006972668,70,30224.9668,0.2,0.009838693,-15.6246872
290,63,9,18432,-533.67845,24,0.0003,0.103857422,64722.00897,1.003229022,0,-0.007828765,80,33500.04297,0.2,0.007373651,-15.62438876
329,62,10,20480,-534.36266,24,0.0003,0.131201172,63013.21527,1.001213193,-1.19E-07,-0.009406651,90,34522.02344,0.2,0.010748016,-15.62549323
367,61,11,22528,-531.76531,24,0.0003,0.078417969,61266.21385,0.993727446,1.19E-07,-0.006418318,100,29826.95313,0.2,0.007756042,-15.56927946
406,60,12,24576,-534.73729,24,0.0003,0.08203125,59417.52672,0.99728179,-1.19E-07,-0.005844428,110,32763.35547,0.2,0.007464736,-15.553077
445,59,13,26624,-532.02475,24,0.0003,0.06640625,58563.66765,0.994099379,0,-0.004583731,120,28800.64453,0.2,0.007160005,-15.54824182
484,59,14,28672,-532.16902,24,0.0003,0.072167969,56188.54431,0.989163339,0,-0.003782761,130,24827.78906,0.2,0.006946852,-15.50158181
522,58,15,30720,-531.7961,24,0.0003,0.089453125,54930.2108,0.987464368,1.19E-07,-0.006903372,140,25819.80273,0.2,0.007705958,-15.46920015
561,58,16,32768,-532.10494,24,0.0003,0.097851563,53706.36469,0.986559153,0,-0.007512758,150,24661.70313,0.2,0.007714706,-15.45209138
599,58,17,34816,-530.14697,24,0.0003,0.082324219,52152.66022,0.981567323,0,-0.005718985,160,21375.88867,0.2,0.006858255,-15.41677532
638,57,18,36864,-530.38962,24,0.0003,0.088378906,50013.86853,0.978422582,0,-0.004763775,170,21245.09961,0.2,0.00779182,-15.36789298
675,57,19,38912,-528.38309,24,0.0003,0.097607422,49170.59191,0.980272055,1.79E-07,-0.007339803,180,21998.48242,0.2,0.008406687,-15.36605726
714,57,20,40960,-526.41731,24,0.0003,0.074804688,47433.46647,0.980076849,-1.19E-07,-0.004210182,190,22654.24609,0.2,0.007663535,-15.37544762
752,57,21,43008,-526.33445,24,0.0003,0.102099609,45420.80164,0.977693319,1.79E-07,-0.005450302,200,21714.29492,0.2,0.008637266,-15.35889847
790,57,22,45056,-531.20026,24,0.0003,0.092236328,44739.36847,0.976476252,0,-0.009602039,210,26438.5625,0.2,0.009296388,-15.33823544
829,56,23,47104,-526.49547,24,0.0003,0.117285156,44370.74785,0.973885357,5.96E-08,-0.00738694,220,20401.16992,0.2,0.008125196,-15.31849275
866,56,24,49152,-524.55291,24,0.0003,0.090576172,41983.58624,0.978757918,-1.19E-07,-0.004203163,230,17330.70117,0.2,0.007466626,-15.33208544
905,56,25,51200,-518.80538,24,0.0003,0.095263672,40744.13386,0.977971673,0,-0.004634224,240,18770.20313,0.2,0.007590545,-15.35111355
943,56,26,53248,-520.45868,24,0.0003,0.119824219,38646.42255,0.97723639,5.96E-08,-0.006808949,250,18538.9668,0.2,0.010212457,-15.33961331
981,56,27,55296,-517.69793,24,0.0003,0.116015625,38038.02405,0.96911484,5.96E-08,-0.006164084,260,16327.73926,0.2,0.011482472,-15.28340779
1019,56,28,57344,-515.98905,24,0.0003,0.106445313,36386.8056,0.962422609,0,-0.00724243,270,16831.26758,0.2,0.010423161,-15.20365065
1058,56,29,59392,-515.07766,24,0.0003,0.113232422,35335.21902,0.960360467,0,-0.005228312,280,20376.23047,0.2,0.010574328,-15.1549083
1096,56,30,61440,-511.90881,24,0.0003,0.107470703,33997.70459,0.96454674,-1.19E-07,-0.006719102,290,16891.66211,0.2,0.010696704,-15.17224488
1135,55,31,63488,-505.59373,24,0.0003,0.125195313,32753.40125,0.962972701,-1.19E-07,-0.006559585,300,12631.28711,0.2,0.012110739,-15.18030132
1173,55,32,65536,-498.98399,24,0.0003,0.156494141,30731.46077,0.961352944,0,-0.004255129,310,15718.75391,0.2,0.010960694,-15.15738729
1211,55,33,67584,-497.65389,24,0.0003,0.137158203,29137.06093,0.961618423,0,-0.004388925,320,13806.67871,0.2,0.010346292,-15.15187626
1249,55,34,69632,-499.7997,24,0.0003,0.125878906,28436.15938,0.962653935,0,-0.00942235,330,12212.24219,0.2,0.009550184,-15.15497342
1287,55,35,71680,-488.82267,24,0.0003,0.128857422,27923.90383,0.961746037,0,-0.00719871,340,14710.59668,0.2,0.012455565,-15.15208207
1325,55,36,73728,-487.21039,24,0.0003,0.1359375,25533.74031,0.957178652,0,-0.007664744,350,11655.47266,0.2,0.011903616,-15.1174713
1363,55,37,75776,-491.56604,24,0.0003,0.099072266,25207.51906,0.953575075,0,-0.002270777,360,12029.33203,0.2,0.008594601,-15.069491
1401,55,38,77824,-489.77661,24,0.0003,0.142480469,24938.29868,0.94341433,0,-0.009061801,370,13233.7998,0.2,0.010538328,-14.98844455
1440,55,39,79872,-481.06318,24,0.0003,0.132421875,24079.3459,0.940878451,-1.19E-07,-0.00432582,380,9691.929688,0.2,0.011829864,-14.91889627
1478,55,40,81920,-476.85497,24,0.0003,0.141601563,22456.92913,0.938442409,0,-0.007918317,390,11471.43066,0.2,0.011376611,-14.88883741
1516,55,41,83968,-471.44588,24,0.0003,0.159130859,21628.6754,0.934195876,5.96E-08,-0.007860234,400,9175.251953,0.2,0.014040527,-14.8571059
1554,55,42,86016,-479.65633,24,0.0003,0.131787109,20639.46385,0.930042624,0,-0.002388773,410,11259.875,0.2,0.013933689,-14.8020405
1592,55,43,88064,-470.59967,24,0.0003,0.140869141,21071.52908,0.930520058,5.96E-08,-0.00745061,420,11603.71289,0.2,0.012045442,-14.78552525
1630,55,44,90112,-472.88607,24,0.0003,0.152880859,19708.83448,0.937089562,1.19E-07,-0.004703692,430,9140.984375,0.2,0.011892509,-14.82900644
1668,55,45,92160,-470.8381,24,0.0003,0.135009766,19603.2279,0.940912306,1.19E-07,-0.003571213,440,8329.833984,0.2,0.012449095,-14.88584311
1706,55,46,94208,-470.71179,24,0.0003,0.104003906,19264.85343,0.940419018,5.96E-07,-0.005817696,450,8839.456055,0.2,0.006526344,-14.90232708
1744,55,47,96256,-470.90597,24,0.0003,0.054345703,18865.37623,0.940551698,0.036685467,-0.006454151,460,11314.24219,0.2,0.006045081,-14.90102451
1783,55,48,98304,-467.90759,24,0.0003,0.074023438,18616.54263,0.93989718,0.048591971,-0.006644104,470,9330.180664,0.2,0.006767041,-14.89926467
1820,55,49,100352,-466.3847,24,0.0003,0.062158203,18269.77906,0.940220475,0.047244728,-0.004246431,480,9425.857422,0.2,0.008634285,-14.89602989
1859,55,50,102400,-464.7097,24,0.0003,0.086035156,18136.44556,0.94054848,0.05166769,-0.008300613,490,9229.503906,0.2,0.008020436,-14.89810749
1897,55,51,104448,-458.12632,24,0.0003,0.090234375,17824.42836,0.940429688,0.04789269,-0.00609975,500,9910.594727,0.2,0.006479053,-14.89965183
1936,55,52,106496,-457.25746,24,0.0003,0.125830078,17293.96141,0.940748572,0.050441742,-0.009200822,510,8499.966797,0.2,0.010858094,-14.89924391
1974,54,53,108544,-452.30867,24,0.0003,0.123388672,16951.35414,0.938483953,0.050305247,-0.006342439,520,7488.761719,0.2,0.013421461,-14.89251437
2013,54,54,110592,-444.43045,24,0.0003,0.105517578,16396.90857,0.935576677,0.056494653,-0.002842327,530,8758.191406,0.2,0.007613844,-14.85451607
2051,54,55,112640,-442.11654,24,0.0003,0.146435547,15861.53661,0.938377917,0.055480838,-0.003980593,540,7288.996582,0.2,0.011663166,-14.85128
2088,54,56,114688,-446.97074,24,0.0003,0.132958984,15415.70699,0.941292048,0.057119608,-0.001157686,550,6809.753418,0.2,0.008008279,-14.8927745
2127,54,57,116736,-440.79411,24,0.0003,0.115966797,15322.30116,0.94018364,0.097477853,-0.006355326,560,7908.088867,0.2,0.011530487,-14.9006354
2165,54,58,118784,-430.7133,24,0.0003,0.104052734,14861.29767,0.938478827,0.104353726,-0.006714263,570,8267.236328,0.2,0.010138088,-14.88624233
2203,54,59,120832,-430.04657,24,0.0003,0.111328125,13974.02823,0.937224567,0.108576357,-0.005672047,580,6556.090332,0.2,0.008854777,-14.87019302
2241,54,60,122880,-426.72538,24,0.0003,0.159326172,13939.53984,0.932561636,0.11685729,-0.004416374,590,6886.538086,0.2,0.013984369,-14.82869568
2280,54,61,124928,-413.74345,24,0.0003,0.108740234,13222.40834,0.933234632,0.118745804,-0.005447518,600,6017.674316,0.2,0.010249074,-14.80919115
2318,54,62,126976,-414.42936,24,0.0003,0.146240234,12150.58054,0.933914542,0.159486532,0.001601931,610,5714.288574,0.2,0.007255611,-14.82074428
2357,54,63,129024,-407.43779,24,0.0003,0.107080078,12331.30691,0.93297708,0.171111822,-0.003445815,620,6576.508301,0.2,0.006952786,-14.81820058
2395,54,64,131072,-398.61092,24,0.0003,0.119873047,11697.92143,0.929590821,0.180582821,-0.005533522,630,6512.459473,0.2,0.014894735,-14.79177716
2433,54,65,133120,-394.58916,24,0.0003,0.100976563,11212.09654,0.92850703,0.182350636,-0.005267302,640,5940.217285,0.2,0.009662958,-14.7667428
2472,54,66,135168,-393.50261,24,0.0003,0.127734375,11047.09383,0.92763859,0.187827587,-0.004539811,650,5455.345215,0.2,0.016957501,-14.7567247
2511,54,67,137216,-391.89392,24,0.0003,0.166650391,10663.63726,0.92617172,0.189955115,-0.004511311,660,5074.695313,0.2,0.012239546,-14.74556151
2549,54,68,139264,-391.5992,24,0.0003,0.087011719,10219.2575,0.924506545,0.244340897,-0.002121702,670,5846.713867,0.2,0.010689871,-14.7245088
2588,54,69,141312,-390.63926,24,0.0003,0.14296875,10054.57166,0.921829462,0.251672506,-0.003098072,680,4369.229004,0.2,0.008103955,-14.70059246
2626,54,70,143360,-388.1628,24,0.0003,0.109960938,10103.80564,0.92297864,0.254230261,-0.005205379,690,4288.698242,0.2,0.010651922,-14.69071033
2664,54,71,145408,-384.40177,24,0.0003,0.106884766,9615.391344,0.920102715,0.25551641,-0.002942277,700,5099.436035,0.2,0.011964453,-14.6777746
2702,54,72,147456,-382.7468,24,0.0003,0.141064453,9038.118056,0.921506286,0.31157732,-0.00645246,710,4130.686035,0.2,0.02330351,-14.67058223
2740,54,73,149504,-379.37506,24,0.0003,0.110351563,8319.516995,0.921638489,0.366723657,-0.001587133,720,4736.901367,0.2,0.010573369,-14.67909265
2778,54,74,151552,-376.07299,24,0.0003,0.090869141,7798.825874,0.918272793,0.373461723,-0.005389065,730,3968.970947,0.2,0.008625558,-14.65925153
2816,54,75,153600,-370.687,24,0.0003,0.078662109,7247.799701,0.918889761,0.433532119,-0.004455187,740,3067.334229,0.2,0.005332614,-14.64525218
2855,54,76,155648,-371.12524,24,0.0003,0.126953125,7038.324973,0.918590486,0.440833628,-0.002186628,750,4639.393555,0.2,0.00995994,-14.64685378
2893,54,77,157696,-366.45387,24,0.0003,0.131347656,7109.329595,0.916626513,0.444250524,-0.004647054,760,3221.892578,0.2,0.010659774,-14.63323347
2931,54,78,159744,-369.28393,24,0.0003,0.130371094,6414.991043,0.916294158,0.468995094,-0.00417327,770,3318.322998,0.2,0.011338523,-14.61717653
2969,54,79,161792,-357.32093,24,0.0003,0.110449219,6113.153381,0.915808856,0.505377978,-0.005014931,780,2792.811279,0.2,0.007929897,-14.6168225
3007,54,80,163840,-344.55827,24,0.0003,0.094482422,5054.591948,0.915049553,0.55711934,-0.005595531,790,2427.437988,0.2,0.011282621,-14.60857406
3045,54,81,165888,-339.02417,24,0.0003,0.113720703,4485.374891,0.913057685,0.612458766,-0.004890619,800,2671.62207,0.2,0.009001596,-14.59254587
3084,54,82,167936,-342.92748,24,0.0003,0.117431641,4281.030234,0.913077116,0.624751151,-0.005374552,810,2267.583008,0.2,0.011653398,-14.57872612
3122,54,83,169984,-338.77787,24,0.0003,0.115478516,3865.980799,0.910992861,0.656009376,-0.003524182,820,1523.110718,0.2,0.009950238,-14.56690859
3160,54,84,172032,-332.31928,24,0.0003,0.106298828,3398.149884,0.91146332,0.672836959,-0.006175434,830,1405.32373,0.2,0.008465966,-14.5575928
3198,54,85,174080,-327.13268,24,0.0003,0.095166016,3186.934152,0.910965919,0.712705225,-0.004447195,840,1763.893921,0.2,0.008767216,-14.55971357
3236,54,86,176128,-318.80767,24,0.0003,0.153173828,2694.174392,0.911136627,0.72325018,-0.011163708,850,528.8250122,0.2,0.010013869,-14.55715213
3275,54,87,178176,-312.29252,24,0.0003,0.151660156,2457.005512,0.908029318,0.763558954,-0.00746387,860,1018.683777,0.2,0.014686108,-14.53942003
3313,54,88,180224,-304.36793,24,0.0003,0.187646484,2334.396209,0.907294214,0.769494042,-0.005967648,870,1047.666382,0.2,0.018760186,-14.51658448
3351,54,89,182272,-300.08062,24,0.0003,0.175830078,2188.292222,0.908435404,0.776199624,-0.01146793,880,1281.96106,0.2,0.013450673,-14.52336796
3390,54,90,184320,-301.4525,24,0.0003,0.180078125,2068.210532,0.908798575,0.788687319,-0.004350985,890,1244.182861,0.2,0.018254837,-14.52799822
3428,54,91,186368,-291.62217,24,0.0003,0.17109375,2161.213851,0.908202887,0.780917197,-0.002357631,900,1288.121948,0.2,0.016872445,-14.52786602
3465,54,92,188416,-284.15981,24,0.0003,0.147802734,1787.844755,0.906017125,0.800030723,-0.004919204,910,492.4023438,0.2,0.016149765,-14.51202808
3504,54,93,190464,-271.37506,24,0.0003,0.168017578,1411.655529,0.905900896,0.825865433,-0.010086461,920,789.7275391,0.2,0.014495161,-14.49707997
3542,54,94,192512,-256.88096,24,0.0003,0.138183594,1123.075305,0.904502928,0.868964657,-0.009816348,930,396.5439758,0.2,0.011189586,-14.48718144
3579,54,95,194560,-244.91246,24,0.0003,0.156689453,856.7416212,0.903467119,0.888978377,-0.008089394,940,423.035675,0.2,0.015783193,-14.47168703
3617,54,96,196608,-232.10721,24,0.0003,0.225830078,868.8119654,0.904271841,0.890902765,-0.014053978,950,303.673645,0.2,0.025166042,-14.47349934
3656,54,97,198656,-224.31579,24,0.0003,0.162255859,776.5765237,0.902959406,0.878912084,-0.011078797,960,383.6003113,0.2,0.011459803,-14.46674091
3694,54,98,200704,-210.91736,24,0.0003,0.242724609,685.8374137,0.901135445,0.894095935,-0.010490288,970,376.653656,0.2,0.020560067,-14.44413174
3732,54,99,202752,-204.73484,24,0.0003,0.190429688,636.1867664,0.899181008,0.90304336,-0.010553433,980,256.1535034,0.2,0.016260784,-14.42130435
3771,54,100,204800,-193.69851,24,0.0003,0.173828125,626.1784433,0.896262527,0.898831889,-0.011433496,990,360.6549988,0.2,0.013832029,-14.3907037
3809,54,101,206848,-177.94191,24,0.0003,0.216894531,573.1831763,0.894890428,0.900298543,-0.011404034,1000,373.3026428,0.2,0.019779736,-14.36689296
3847,54,102,208896,-163.81442,24,0.0003,0.185253906,501.5156544,0.894790232,0.890255876,-0.007931026,1010,134.4561157,0.2,0.017781626,-14.35517659
3886,54,103,210944,-148.07516,24,0.0003,0.216113281,506.349855,0.892676711,0.890928887,-0.008050853,1020,244.9027557,0.2,0.015152765,-14.3432677
3924,54,104,212992,-139.68178,24,0.0003,0.200683594,449.582373,0.889109373,0.899280556,-0.00985646,1030,187.1063232,0.2,0.01781632,-14.30618342
3962,54,105,215040,-130.0597,24,0.0003,0.263037109,416.4651388,0.888531685,0.903352194,-0.004544696,1040,147.9727783,0.2,0.019715112,-14.28090376
4002,54,106,217088,-121.85437,24,0.0003,0.235888672,407.9321574,0.886814833,0.893596672,-0.016444872,1050,194.7825928,0.2,0.02016737,-14.26366382
4040,54,107,219136,-102.90903,24,0.0003,0.267529297,320.1096579,0.883297026,0.907292724,-0.019064242,1060,169.473587,0.2,0.021618787,-14.23069325
4080,54,108,221184,-83.67278,24,0.0003,0.199951172,303.0930526,0.880703151,0.89673464,-0.012295822,1070,158.1993408,0.2,0.02986754,-14.19580339
4120,54,109,223232,-81.54243,24,0.0003,0.230126953,270.3247302,0.880729854,0.888134085,-0.012216219,1080,139.3063354,0.2,0.0177092,-14.18146611
4159,54,110,225280,-70.0257,24,0.0003,0.220556641,278.9626263,0.875227511,0.889576517,-0.009796024,1090,113.4166565,0.2,0.027201705,-14.14727931
4198,54,111,227328,-58.8849,24,0.0003,0.260009766,250.1755625,0.873267114,0.902878888,-0.014525306,1100,113.7947388,0.2,0.019360736,-14.09554012
4237,54,112,229376,-52.36714,24,0.0003,0.187939453,241.9356043,0.8732391,0.879334524,-0.009894917,1110,170.5388489,0.2,0.013828019,-14.08924476
4276,54,113,231424,-43.5808,24,0.0003,0.232861328,202.904879,0.870346844,0.910389058,-0.012745018,1120,110.6284027,0.2,0.015831627,-14.06882561
4317,54,114,233472,-35.75811,24,0.0003,0.231396484,224.0030654,0.871005416,0.875769526,-0.011791053,1130,81.58434296,0.2,0.01734503,-14.05513715
4356,54,115,235520,-28.12688,24,0.0003,0.215234375,236.8393512,0.870117903,0.879900776,-0.005995798,1140,120.9608002,0.2,0.14177091,-14.05102857
4395,54,116,237568,-21.7012,24,0.0003,0.160595703,233.6125987,0.869656801,0.865526736,-0.011081204,1150,95.895401,0.2,0.02031516,-14.04374425
4435,54,117,239616,-14.30592,24,0.0003,0.239648438,218.8521968,0.868445218,0.884925336,-0.013648736,1160,97.2297287,0.2,0.020492727,-14.03645531
4475,53,118,241664,-8.24726,24,0.0003,0.194287109,219.8210652,0.865753114,0.883754909,-0.014093799,1170,107.1523209,0.2,0.020347934,-14.00490437
4515,53,119,243712,-1.02334,24,0.0003,0.197802734,225.7836593,0.863817215,0.877765745,-0.010778862,1180,135.2197571,0.2,0.01884298,-13.97775787
4556,53,120,245760,3.6119,24,0.0003,0.174072266,224.4660053,0.863648951,0.886744089,-0.006643733,1190,70.14526367,0.2,0.019537777,-13.96518177
4595,53,121,247808,10.46209,24,0.0003,0.219238281,245.4342846,0.865052998,0.865810752,-0.013368879,1200,120.6652374,0.2,0.028772956,-13.97220138
4634,53,122,249856,17.0214,24,0.0003,0.210107422,256.9063913,0.86598897,0.863714546,-0.014370918,1210,72.27115631,0.2,0.021995451,-13.98841757
4672,53,123,251904,26.02715,24,0.0003,0.267822266,242.9524779,0.863372803,0.874756694,-0.01158054,1220,173.9893494,0.2,0.020597395,-13.97261303
4711,53,124,253952,32.1282,24,0.0003,0.236474609,277.4514346,0.864187658,0.856397867,-0.010679663,1230,85.45755768,0.2,0.047847077,-13.9614105
4750,53,125,256000,39.0041,24,0.0003,0.216699219,256.2188731,0.866598666,0.867852494,-0.005243696,1240,133.1869202,0.2,0.020402467,-13.9785879
4790,53,126,258048,47.90965,24,0.0003,0.248388672,270.6189165,0.863241971,0.864800081,-0.011706725,1250,146.7986603,0.2,0.033192843,-13.9739068
4831,53,127,260096,53.47908,24,0.0003,0.163623047,282.19554,0.861380219,0.867784441,-0.006798101,1260,146.2497559,0.2,0.012038163,-13.93975937
4871,53,128,262144,57.00593,24,0.0003,0.225976563,303.0684362,0.862548769,0.863228172,-0.013507026,1270,99.27067566,0.2,0.01290209,-13.93205208
4911,53,129,264192,63.62227,24,0.0003,0.191210938,284.4179508,0.863958597,0.871019483,-0.010790248,1280,116.2713928,0.2,0.01957925,-13.95884519
4950,53,130,266240,69.20171,24,0.0003,0.175048828,279.1323267,0.863645315,0.88365005,-0.009829753,1290,102.3827133,0.2,0.014327986,-13.95839044
4989,53,131,268288,73.29188,24,0.0003,0.190234375,299.0379638,0.865238726,0.877428889,-0.011012906,1300,197.4511871,0.2,0.016384935,-13.96716861
5029,53,132,270336,78.78896,24,0.0003,0.183447266,296.854618,0.861505449,0.881108508,-0.006959788,1310,124.0922012,0.2,0.012111153,-13.95100212
5069,53,133,272384,82.85041,24,0.0003,0.243115234,301.9290811,0.861904085,0.882589981,-0.004356461,1320,188.3106842,0.2,0.02343767,-13.93005533
5108,53,134,274432,84.30906,24,0.0003,0.175048828,275.8289913,0.865124643,0.897734605,-0.009384912,1330,171.6492462,0.2,0.013039777,-13.94924408
5148,53,135,276480,87.64113,24,0.0003,0.185498047,263.1300439,0.863414049,0.906250715,-0.009161731,1340,151.09552,0.2,0.014499432,-13.95815592
5187,53,136,278528,90.96048,24,0.0003,0.223876953,253.4354735,0.862805367,0.912918814,-0.008147118,1350,131.4269714,0.2,0.023709629,-13.94323338
5225,53,137,280576,91.59615,24,0.0003,0.198486328,239.1138512,0.864982545,0.924279682,-0.004812966,1360,102.3910904,0.2,0.01804289,-13.95581951
5266,53,138,282624,94.48945,24,0.0003,0.209228516,232.3795579,0.864340723,0.928486913,-0.011010852,1370,51.85251999,0.2,0.01747403,-13.97264664
5305,53,139,284672,98.46499,24,0.0003,0.212402344,195.761086,0.864649355,0.937669713,-0.007235539,1380,53.32749939,0.2,0.024157392,-13.96932902
5344,53,140,286720,101.42211,24,0.0003,0.152050781,188.5560812,0.8650828,0.94559256,-0.007261602,1390,70.46659088,0.2,0.019578414,-13.97479819
5383,53,141,288768,103.34162,24,0.0003,0.187695313,188.6320067,0.865862906,0.950507432,-0.011343362,1400,86.25987244,0.2,0.019984698,-13.98273021
5422,53,142,290816,107.28615,24,0.0003,0.157226563,173.0630635,0.865241051,0.955708101,-0.008103522,1410,62.41038895,0.2,0.013657099,-13.98477252
5460,53,143,292864,111.60968,24,0.0003,0.197949219,185.1872775,0.864519119,0.954973206,-0.002777032,1420,72.32918549,0.2,0.06280383,-13.97152233
5498,53,144,294912,114.20319,24,0.0003,0.177783203,176.9566118,0.863672078,0.958437908,-0.0033215,1430,79.92286682,0.2,0.01603412,-13.96502387
5535,53,145,296960,114.92514,24,0.0003,0.168554688,171.0954546,0.864056826,0.961412478,-0.007493532,1440,52.85528564,0.2,0.014903951,-13.96587314
5574,53,146,299008,118.74949,24,0.0003,0.148730469,158.095295,0.865642309,0.964040857,-0.001807375,1450,107.1640472,0.2,0.017269759,-13.97675062
5612,53,147,301056,122.42485,24,0.0003,0.164160156,162.3604002,0.865691125,0.963605493,-0.009018053,1460,45.57401657,0.2,0.020986244,-13.98284309
5651,53,148,303104,124.40701,24,0.0003,0.146044922,152.6529792,0.866649389,0.967084814,-0.004309116,1470,43.92893982,0.2,0.012527211,-13.99126857
5688,53,149,305152,128.85228,24,0.0003,0.181640625,157.3805108,0.866476595,0.9673739,-0.012622569,1480,67.46593475,0.2,0.025828253,-13.99563496
5727,53,150,307200,129.41926,24,0.0003,0.335644531,148.2896556,0.867060065,0.970385423,0.031786485,1490,79.8015976,0.2,0.72856957,-13.99901987
5766,53,151,309248,130.71312,24,0.0003,0.164794922,154.6035667,0.868416846,0.966406919,-0.012513229,1500,82.71253204,0.2,0.011140512,-14.01140165
5804,53,152,311296,136.2204,24,0.0003,0.160205078,152.5725315,0.864658415,0.970073273,-0.007425699,1510,62.49900436,0.2,0.012760231,-13.99825485
5843,53,153,313344,138.16681,24,0.0003,0.140039063,143.2996736,0.864358306,0.970358189,-0.008564333,1520,68.42098999,0.2,0.02536799,-13.96871091
5881,53,154,315392,140.87793,24,0.0003,0.160595703,147.2028393,0.866411388,0.972794026,-0.006717037,1530,83.48107147,0.2,0.017662238,-13.97955318
5920,53,155,317440,145.06636,24,0.0003,0.163671875,142.2655071,0.869572639,0.974264083,-0.007264345,1540,60.23950577,0.2,0.051675595,-14.01629283
5958,53,156,319488,147.63225,24,0.0003,0.161181641,143.9909432,0.871487617,0.974304771,-0.004995488,1550,82.73111725,0.2,0.019646175,-14.04987686
5997,53,157,321536,152.04005,24,0.0003,0.160205078,151.1499566,0.871142924,0.974900549,-0.009322002,1560,69.74520874,0.2,0.014599331,-14.06304739
6035,53,158,323584,154.32043,24,0.0003,0.146582031,153.1995911,0.87085253,0.974492637,-0.008263193,1570,70.46365356,0.2,0.019290153,-14.05319382
6073,53,159,325632,155.29984,24,0.0003,0.167431641,146.6461828,0.871195555,0.976896262,-0.005117059,1580,73.04171753,0.2,0.015616952,-14.05257491
6112,53,160,327680,159.53077,24,0.0003,0.141894531,137.0558866,0.87376827,0.978263954,-0.003644601,1590,71.85984802,0.2,0.019978464,-14.07055818
6151,53,161,329728,161.50746,24,0.0003,0.15390625,148.121997,0.876973152,0.977497153,-0.008725531,1600,65.95393372,0.2,0.014283134,-14.10396765
6190,53,162,331776,165.72766,24,0.0003,0.161621094,139.8831067,0.875884473,0.977267621,-0.005814904,1610,73.19161987,0.2,0.43557495,-14.1166162
6228,53,163,333824,169.67532,24,0.0003,0.180615234,142.1743433,0.875290632,0.977558365,-0.002899877,1620,61.51387405,0.2,0.025678001,-14.10745911
6267,53,164,335872,170.69309,24,0.0003,0.316796875,155.4351984,0.878543437,0.976517465,0.04046783,1630,65.03366852,0.2,0.7338134,-14.12831496
6306,53,165,337920,175.22797,24,0.0003,0.179150391,155.6089068,0.880468726,0.978851801,-0.014170673,1640,61.63805389,0.2,0.023931785,-14.15543081
6345,53,166,339968,181.32082,24,0.0003,0.144970703,140.5068686,0.879113138,0.980822751,-0.006773468,1650,50.3178978,0.2,0.056758203,-14.15968867
6383,53,167,342016,182.46575,24,0.0003,0.197314453,133.6905403,0.879183769,0.982625585,-0.007183809,1660,57.82209015,0.2,0.020234348,-14.1489953
6421,53,168,344064,186.45274,24,0.0003,0.163769531,143.2465442,0.878312111,0.981365301,-0.001043635,1670,86.88526917,0.2,0.02993191,-14.14358624
6462,53,169,346112,191.06702,24,0.0003,0.161035156,140.0661184,0.877960205,0.981105758,-0.009859821,1680,82.95967865,0.2,0.016146535,-14.13477854
6501,53,170,348160,195.48412,24,0.0003,0.201074219,144.3966303,0.878154159,0.981119305,-0.001561904,1690,63.39768982,0.2,0.017431108,-14.12950676
6539,53,171,350208,197.46845,24,0.0003,0.182910156,142.0407832,0.87717241,0.981172908,-0.008924159,1700,73.10489655,0.2,0.036941618,-14.12475294
6577,53,172,352256,202.14957,24,0.0003,0.288330078,148.6709716,0.877942979,0.980847079,0.011975786,1710,56.97340393,0.2,0.27983296,-14.12288764
6615,53,173,354304,204.55787,24,0.0003,0.182910156,136.6804069,0.877213299,0.983946526,-0.003636825,1720,59.1347847,0.2,0.24523713,-14.12180208
6653,53,174,356352,211.73699,24,0.0003,0.152246094,130.33193,0.876018941,0.984255604,-0.002303332,1730,68.7624588,0.2,0.014116088,-14.1085347
6691,53,175,358400,210.83755,24,0.0003,0.2046875,142.7543752,0.877398074,0.983054526,-0.008015616,1740,67.93172455,0.2,0.018177427,-14.10749098
6730,53,176,360448,214.69186,24,0.0003,0.194042969,140.5647211,0.876258314,0.983192336,-0.00687027,1750,58.82961273,0.2,0.05973143,-14.11058645
6770,53,177,362496,221.78403,24,0.0003,0.178125,129.910625,0.875039637,0.984613541,-0.005883025,1760,57.49931717,0.2,0.030390585,-14.09355263
6808,53,178,364544,224.42869,24,0.0003,0.228027344,138.5122782,0.875125706,0.983654328,0.011813481,1770,92.54772949,0.2,0.07488241,-14.08902624
6847,53,179,366592,229.15404,24,0.0003,0.250585938,128.757563,0.874114394,0.985213407,-0.000821771,1780,63.64697266,0.2,0.0916078,-14.0865391
6884,53,180,368640,231.27661,24,0.0003,0.211914063,140.6325244,0.874830961,0.982932068,-0.003002548,1790,63.63886642,0.2,0.20528695,-14.07929261
6922,53,181,370688,234.90887,24,0.0003,0.167333984,128.0633835,0.875413835,0.985937862,-0.002853143,1800,84.82111359,0.2,0.019295704,-14.09020664
6959,53,182,372736,236.74489,24,0.0003,0.188525391,117.6601776,0.873393595,0.986896132,0.013875801,1810,67.26539612,0.2,0.3823614,-14.07872036
6999,53,183,374784,240.88275,24,0.0003,0.173828125,120.8565611,0.8746773,0.986354402,-0.010067133,1820,59.68727875,0.2,0.02139857,-14.07524232
7037,53,184,376832,245.47479,24,0.0003,0.179541016,112.7611198,0.87613827,0.986893682,-0.0061635,1830,53.25196838,0.2,0.017977668,-14.09361341
7075,53,185,378880,249.82324,24,0.0003,0.226220703,97.78864895,0.875790656,0.98939009,-0.004509563,1840,41.13433838,0.2,0.045413584,-14.10554751
7114,53,186,380928,251.49307,24,0.0003,0.185302734,101.2339576,0.874029756,0.988888445,-0.004618681,1850,59.72458267,0.2,0.032235805,-14.08745076
7151,53,187,382976,257.40769,24,0.0003,0.233837891,100.6423142,0.874203742,0.989862395,-0.007504532,1860,42.01065826,0.2,0.022494253,-14.07675199
7190,53,188,385024,258.25971,24,0.0003,0.179003906,107.0755779,0.873612404,0.989578593,-0.003294441,1870,52.15406799,0.2,0.093159914,-14.07014557
7229,53,189,387072,259.89837,24,0.0003,0.214794922,102.141272,0.87561053,0.988600105,-0.00050791,1880,33.41838074,0.2,0.04045509,-14.0800243
7267,53,190,389120,267.48596,24,0.0003,0.197216797,101.8713909,0.874135554,0.989688328,-0.015705254,1890,40.8253746,0.2,0.026964935,-14.08509864
7306,53,191,391168,270.66137,24,0.0003,0.225537109,99.25354242,0.873949587,0.990368054,-0.008774047,1900,51.45462036,0.2,0.025927965,-14.06995751
7345,53,192,393216,275.2338,24,0.0003,0.253808594,102.8361003,0.873777211,0.99038014,-0.003336018,1910,49.86008835,0.2,0.06133799,-14.0673925
7383,53,193,395264,281.78308,24,0.0003,0.216601563,103.0410886,0.875533879,0.99018187,-0.008539363,1920,51.17269516,0.2,0.042996176,-14.07360885
7421,53,194,397312,283.26029,24,0.0003,0.192138672,108.8573323,0.874135196,0.989746882,-0.008059648,1930,42.99249649,0.2,0.030548993,-14.07145737
7461,53,195,399360,289.7635,24,0.0003,0.226025391,103.5297969,0.875864804,0.990021419,0.006161451,1940,57.2492485,0.2,0.2636865,-14.07297619
7499,53,196,401408,291.79109,24,0.0003,0.178808594,99.21715503,0.875760078,0.991125294,-0.013128983,1950,42.37328339,0.2,0.025334135,-14.08044142
7538,53,197,403456,295.06757,24,0.0003,0.191748047,97.76070092,0.872123539,0.991314267,-0.000996273,1960,50.30566788,0.2,0.02752591,-14.05438632
7576,53,198,405504,295.58422,24,0.0003,0.243554688,93.84194965,0.869714022,0.991447349,-0.008683148,1970,57.22189713,0.2,0.14455506,-14.01818684
7614,53,199,407552,298.89083,24,0.0003,0.204931641,95.08942971,0.868528903,0.990145244,-0.003375716,1980,40.76758575,0.2,0.052518018,-13.99958613
7652,53,200,409600,303.57177,24,0.0003,0.186767578,95.62238736,0.868650079,0.990988971,-0.0183347,1990,44.55141449,0.2,0.014650203,-13.98824865
7690,53,201,411648,309.28091,24,0.0003,0.209423828,100.609686,0.87057209,0.991132353,0.002070958,2000,50.36703873,0.2,0.11083641,-13.99962716
7728,53,202,413696,315.11485,24,0.0003,0.189794922,95.11629807,0.870253563,0.991867598,-0.005886242,2010,39.91723633,0.2,0.046844788,-14.01143217
7766,53,203,415744,317.96496,24,0.0003,0.180029297,97.09097146,0.86888063,0.991276079,-0.00871593,2020,56.69911957,0.2,0.026152639,-14.00032395
7804,53,204,417792,325.84787,24,0.0003,0.179443359,94.08182131,0.871342838,0.991426499,-0.009303142,2030,40.29624557,0.2,0.037825424,-14.00201852
7844,53,205,419840,331.55048,24,0.0003,0.237158203,101.1039786,0.870644331,0.991344557,-0.008094703,2040,45.84368515,0.2,0.030755432,-14.01338536
7883,53,206,421888,338.83518,24,0.0003,0.218505859,115.4771311,0.867237687,0.990500775,-0.003780642,2050,48.28996658,0.2,0.25260147,-13.98257868
7921,53,207,423936,338.20078,24,0.0003,0.254638672,111.0435086,0.866442859,0.990413721,0.009563053,2060,33.43851471,0.2,0.110009395,-13.95174735
7959,53,208,425984,347.56664,24,0.0003,0.274707031,104.2458453,0.865770161,0.991187883,0.005022435,2070,50.55477905,0.2,0.14047903,-13.94403734
7998,53,209,428032,352.0597,24,0.0003,0.199121094,104.5381308,0.866946995,0.992234233,-0.004607444,2080,88.4069519,0.2,0.025157876,-13.94937634
8038,53,210,430080,355.97968,24,0.0003,0.195703125,112.4407135,0.867341995,0.991498754,-0.005738019,2090,56.658535,0.2,0.024199776,-13.96027423
8076,53,211,432128,360.91823,24,0.0003,0.191796875,114.7489656,0.868586361,0.991063373,-0.007157775,2100,55.817276,0.2,0.047652375,-13.97098545
8115,53,212,434176,361.32696,24,0.0003,0.238085938,108.4725333,0.867551863,0.992362346,0.006977846,2110,66.60694122,0.2,0.24226637,-13.97099309
8153,53,213,436224,366.20798,24,0.0003,0.211962891,100.9446869,0.868042529,0.991648925,-0.01065189,2120,59.75863647,0.2,0.01903591,-13.97176403
8191,53,214,438272,370.24413,24,0.0003,0.213574219,109.4728397,0.867394984,0.991543405,-0.008080325,2130,43.17559052,0.2,0.029383376,-13.96737948
8230,53,215,440320,370.14625,24,0.0003,0.216162109,113.2785317,0.865289629,0.99170205,-0.011911162,2140,41.06847,0.2,0.03402981,-13.9523371
8269,53,216,442368,370.35037,24,0.0003,0.246875,101.1664891,0.864762247,0.992056218,0.014498044,2150,52.01402283,0.2,0.077622145,-13.93146145
8309,53,217,444416,374.31844,24,0.0003,0.202783203,98.9521988,0.864909351,0.992273867,-0.008272839,2160,46.81171036,0.2,0.021082941,-13.9269641
8347,53,218,446464,379.14792,24,0.0003,0.233398438,101.2275075,0.863982022,0.992517427,-0.018387797,2170,40.4820137,0.2,0.021549724,-13.91993471
8385,53,219,448512,381.24821,24,0.0003,0.231542969,101.6681698,0.862967491,0.992477606,-0.005956574,2180,55.74000549,0.2,0.03780224,-13.90978711
8423,53,220,450560,384.66505,24,0.0003,0.195654297,96.79372694,0.86065346,0.992749147,-0.012485847,2190,62.03921509,0.2,0.017565906,-13.89049008
8461,53,221,452608,399.80091,24,0.0003,0.231787109,101.033353,0.858991861,0.992655716,-0.014628897,2200,41.67384338,0.2,0.41890192,-13.8646317
8499,53,222,454656,402.28181,24,0.0003,0.162011719,136.1203839,0.85912931,0.987605087,-0.001921788,2210,32.67544937,0.2,0.024613298,-13.85500847
8538,53,223,456704,406.86515,24,0.0003,0.218945313,133.2812912,0.857408464,0.990441135,-0.010783883,2220,66.08358765,0.2,0.026633218,-13.84398626
8577,53,224,458752,412.02222,24,0.0003,0.226953125,129.9332129,0.858304203,0.991408096,-0.007357144,2230,49.93325424,0.2,0.040549465,-13.83976023
8616,53,225,460800,414.2242,24,0.0003,0.374804688,139.8302423,0.860204697,0.990310922,0.032256901,2240,49.63935471,0.2,0.13190256,-13.85569817
8655,53,226,462848,417.11274,24,0.0003,0.184033203,139.9168753,0.858613968,0.99032232,-0.014299131,2250,74.25443268,0.2,0.36617315,-13.86025605
8693,53,227,464896,419.59818,24,0.0003,0.178466797,138.0423496,0.857041538,0.990435326,-0.002585669,2260,57.63558578,0.2,0.013879452,-13.83788764
8731,53,228,466944,421.45205,24,0.0003,0.229736328,135.1759666,0.854849398,0.99148967,0.001905891,2270,52.96613312,0.2,0.3165313,-13.81446976
8770,53,229,468992,425.31365,24,0.0003,0.204541016,129.5301942,0.854331195,0.991380456,0.003224147,2280,71.74241638,0.2,0.17379178,-13.79949486
8809,53,230,471040,428.91926,24,0.0003,0.223925781,123.852373,0.853378654,0.992099416,-0.001662748,2290,56.09580994,0.2,0.027527895,-13.79147542
8847,53,231,473088,429.58565,24,0.0003,0.23125,118.7215375,0.852494419,0.991930595,0.002070673,2300,66.73625946,0.2,0.23494312,-13.77860526
8886,53,232,475136,431.07191,24,0.0003,0.212695313,129.1150389,0.852336824,0.99151496,-0.009988887,2310,55.09904861,0.2,0.04298748,-13.77425202
8924,53,233,477184,437.111,24,0.0003,0.187988281,132.6803006,0.851100028,0.992110278,-0.006645421,2320,58.54794693,0.2,0.024509232,-13.76689985
8963,53,234,479232,442.51077,24,0.0003,0.213574219,129.6473388,0.849471807,0.991774296,-0.007979464,2330,61.65926361,0.2,0.03799823,-13.74698284
9001,53,235,481280,445.50539,24,0.0003,0.195019531,143.984138,0.849034131,0.990949804,-0.006720486,2340,67.21862793,0.2,0.039209317,-13.73268742
9040,53,236,483328,450.26478,24,0.0003,0.172949219,152.1642539,0.848090529,0.990156644,-0.006727662,2350,72.61121368,0.2,0.022935059,-13.72317828
9078,53,237,485376,452.98748,24,0.0003,0.190966797,149.5995876,0.846888542,0.990762716,-0.010364338,2360,68.51672363,0.2,0.026076091,-13.70944282
9116,53,238,487424,459.92688,24,0.0003,0.201025391,144.6373869,0.845287561,0.989860346,-0.003651861,2370,52.7599678,0.2,0.023654507,-13.68834458
9154,53,239,489472,461.79674,24,0.0003,0.188378906,156.5750907,0.845101416,0.989355948,-0.002796313,2380,71.57953644,0.2,0.024363324,-13.67620317
9193,53,240,491520,466.20761,24,0.0003,0.18046875,138.3184429,0.843580246,0.991186497,-0.004759815,2390,80.50005341,0.2,0.01811644,-13.6659316
9231,53,241,493568,468.76299,24,0.0003,0.163671875,164.9516104,0.841451585,0.988239528,-0.010468202,2400,84.15764618,0.2,0.03526671,-13.63927232
9270,53,242,495616,469.31162,24,0.0003,0.160693359,152.9189087,0.839395285,0.990886608,-0.006646913,2410,54.09477234,0.2,0.015774116,-13.61074905
9308,53,243,497664,471.17786,24,0.0003,0.139160156,142.1595409,0.83911252,0.991505601,-0.008274391,2420,81.87273407,0.2,0.0145365,-13.59525696
9346,53,244,499712,472.17135,24,0.0003,0.165332031,140.1147755,0.836522281,0.991523329,-0.002990049,2430,106.9271317,0.2,0.023280255,-13.57563309
9385,53,245,501760,477.22553,24,0.0003,0.171972656,141.1914993,0.834464252,0.990688313,-0.00296391,2440,60.21909332,0.2,0.023588322,-13.54621654
9423,53,246,503808,479.35407,24,0.0003,0.175244141,136.9089696,0.832714021,0.991956442,-0.007190595,2450,51.31774521,0.2,0.031626664,-13.52029997
9461,53,247,505856,482.15516,24,0.0003,0.161865234,141.0417562,0.832392752,0.991713204,-0.002625849,2460,90.57724762,0.2,0.01783533,-13.50437166
9500,53,248,507904,485.01029,24,0.0003,0.189453125,146.6075843,0.831469476,0.991586026,-0.00702448,2470,70.43221283,0.2,0.022263829,-13.49407281
9538,53,249,509952,493.79531,24,0.0003,0.241015625,138.3136627,0.83039099,0.991818561,0.015074366,2480,76.62879181,0.2,0.9175775,-13.48046345
9576,53,250,512000,496.45142,24,0.0003,0.129101563,165.2384807,0.83019048,0.980818462,0.003986716,2490,80.56264496,0.2,0.056133196,-13.47249067
9615,53,251,514048,498.68631,24,0.0003,0.19296875,165.9011963,0.830893278,0.990023395,-0.00143868,2500,89.44781494,0.2,0.096536234,-13.47505348
9652,53,252,516096,500.13763,24,0.0003,0.154345703,160.829637,0.82986778,0.990736134,-0.008036732,2510,93.73654938,0.2,0.01799195,-13.4754257
9690,53,253,518144,504.28157,24,0.0003,0.153857422,158.3691165,0.82992816,0.990914603,-0.00906271,2520,61.20314407,0.2,0.021618512,-13.46451592
9731,53,254,520192,510.44508,24,0.0003,0.143652344,152.3818512,0.828091025,0.990764176,-0.009101414,2530,67.75346375,0.2,0.023134975,-13.44993553
9769,53,255,522240,513.5361,24,0.0003,0.179394531,148.6753107,0.827783823,0.991255336,-0.001159001,2540,58.03619003,0.2,0.10680385,-13.43312982
9808,53,256,524288,517.05005,24,0.0003,0.137695313,157.9658165,0.82699877,0.991507067,-0.009667588,2550,67.05521393,0.2,0.013613938,-13.42466391
9846,53,257,526336,517.46405,24,0.0003,0.146337891,158.567241,0.826195896,0.992281561,-0.008531378,2560,64.86140442,0.2,0.021311184,-13.41380115
9885,53,258,528384,519.76299,24,0.0003,0.130859375,153.5177429,0.82694602,0.992337766,-0.008716661,2570,72.62438202,0.2,0.02135193,-13.41688412
9922,53,259,530432,521.14405,24,0.0003,0.210888672,143.6344536,0.826913238,0.992758312,-0.007258783,2580,78.96450043,0.2,0.17048228,-13.42217871
9960,53,260,532480,523.49503,24,0.0003,0.224755859,139.748143,0.826077521,0.992628558,0.018939041,2590,48.38426208,0.2,0.1432824,-13.4132098
9999,53,261,534528,529.27485,24,0.0003,0.216259766,140.0733065,0.82498163,0.993183294,-0.004499532,2600,54.08956146,0.2,0.14353687,-13.39854972
10037,53,262,536576,531.51846,24,0.0003,0.151025391,124.0995254,0.823990405,0.994124985,-0.002798578,2610,64.82036591,0.2,0.029528705,-13.38070177
10076,53,263,538624,529.33853,24,0.0003,0.144482422,130.1123164,0.823366344,0.993049069,-0.005375116,2620,48.43388748,0.2,0.05401118,-13.37189553
10114,53,264,540672,531.88443,24,0.0003,0.190380859,124.0459889,0.822039545,0.993767605,-0.0080909,2630,66.63711548,0.2,0.03177046,-13.35571268
10153,53,265,542720,535.71955,24,0.0003,0.22734375,120.5863023,0.822375357,0.992758349,-0.002524258,2640,52.23210907,0.2,0.15419832,-13.34693154
10191,53,266,544768,539.61619,24,0.0003,0.153222656,107.6012509,0.821634114,0.993925655,-0.00075562,2650,57.37538528,0.2,0.03785115,-13.34515149
10230,53,267,546816,541.23135,24,0.0003,0.229541016,108.1867406,0.820715845,0.994573435,0.012369544,2660,33.75420761,0.2,0.053961895,-13.33355334
10268,53,268,548864,543.04162,24,0.0003,0.202490234,123.4569383,0.821062028,0.993684171,0.003306486,2670,66.16073608,0.2,0.039569516,-13.32979456
10307,53,269,550912,544.3954,24,0.0003,0.21484375,110.6024363,0.819792986,0.994788059,0.016593005,2680,46.26067734,0.2,0.03578937,-13.32335105
10346,53,270,552960,546.65765,24,0.0003,0.223046875,111.9274405,0.819327533,0.994866832,0.000121468,2690,52.44856644,0.2,0.075613886,-13.31540544
10384,53,271,555008,550.91377,24,0.0003,0.245898438,122.8421521,0.817480862,0.994491498,0.006003934,2700,37.13506699,0.2,0.03994614,-13.30301575
10422,53,272,557056,552.96457,24,0.0003,0.228808594,111.0238061,0.817172945,0.993866984,0.011021048,2710,55.83129883,0.2,0.036315143,-13.28860748
10461,53,273,559104,557.69397,24,0.0003,0.227783203,107.6462284,0.818001211,0.995036321,-0.001359771,2720,41.21120071,0.2,0.029077819,-13.28911683
10499,53,274,561152,560.862,24,0.0003,0.207275391,114.1778808,0.81734854,0.994258268,0.000648058,2730,54.42883301,0.2,0.03374919,-13.291214
10538,53,275,563200,569.89126,24,0.0003,0.293652344,113.2862225,0.81705004,0.995132554,0.019939932,2740,42.46150208,0.2,0.24658602,-13.27925838
10577,53,276,565248,573.5303,24,0.0003,0.234912109,133.1134556,0.816430688,0.993771326,0.014281887,2750,32.5761795,0.2,0.36898744,-13.27651092
10615,53,277,567296,574.45023,24,0.0003,0.447265625,125.3169424,0.815429151,0.994071004,0.082459248,2760,71.82194519,0.2,0.69909406,-13.26506356
10657,53,278,569344,576.3085,24,0.0003,0.114257813,113.0804026,0.815815687,0.993000772,-0.002908407,2770,58.94511032,0.2,0.0123796,-13.26113024
10697,53,279,571392,578.99163,24,0.0003,0.13359375,119.6029877,0.814773738,0.993492164,-0.00800852,2780,59.72317505,0.2,0.012297316,-13.25292641
10737,53,280,573440,582.92292,24,0.0003,0.122167969,135.5113212,0.813063622,0.99368827,-0.003272828,2790,72.22119904,0.2,0.011710063,-13.23515961
10776,53,281,575488,585.51001,24,0.0003,0.228662109,108.3970514,0.814536691,0.995005581,-0.011047573,2800,68.75124359,0.2,0.78610903,-13.23884331
10815,53,282,577536,587.53589,24,0.0003,0.125976563,127.3247204,0.813778698,0.986912942,-0.000817224,2810,62.6847496,0.2,0.020329855,-13.24214233
10854,53,283,579584,589.13518,24,0.0003,0.180566406,116.1138316,0.812281072,0.992069534,-0.007500917,2820,46.02956009,0.2,0.024422165,-13.22757423
10893,53,284,581632,591.39637,24,0.0003,0.208886719,109.4317177,0.810050428,0.994873772,-0.001236996,2830,35.92295074,0.2,0.021775117,-13.20443664
10931,53,285,583680,594.32664,24,0.0003,0.235693359,90.51936858,0.811206579,0.99442643,0.004833211,2840,52.14878845,0.2,0.29369715,-13.20791514
10970,53,286,585728,596.18735,24,0.0003,0.133056641,97.95283438,0.810747504,0.994782775,-0.002474833,2850,44.7118187,0.2,0.02932992,-13.20421525
11008,53,287,587776,596.66812,24,0.0003,0.167675781,99.17888088,0.810633302,0.996221588,-0.007108201,2860,54.50735092,0.2,0.04294526,-13.20422713
11046,53,288,589824,598.53704,24,0.0003,0.153955078,91.10289624,0.809390604,0.996026252,-0.010103664,2870,49.76955795,0.2,0.0162494,-13.19246003
11085,53,289,591872,600.26685,24,0.0003,0.148876953,90.1872918,0.807554185,0.996185227,-0.005837303,2880,43.46879196,0.2,0.021421107,-13.17432488
11124,53,290,593920,600.50564,24,0.0003,0.150048828,86.02887127,0.807459831,0.99640348,-0.000898542,2890,43.40150833,0.2,0.043868646,-13.16258299
11163,53,291,595968,600.87184,24,0.0003,0.201074219,85.03299618,0.807426512,0.996759688,0.00802092,2900,39.28340149,0.2,0.18558359,-13.15914832
11202,53,292,598016,593.68739,24,0.0003,0.197314453,90.53205177,0.807504237,0.995749259,-0.000471586,2910,90.36824036,0.2,0.8475344,-13.15920059
11241,53,293,600064,595.50142,24,0.0003,0.158789063,103.5593188,0.805445671,0.993517368,-0.007034177,2920,55.34784317,0.2,0.5105827,-13.14645754
11280,53,294,602112,597.1223,24,0.0003,0.175927734,90.56374208,0.804828227,0.994145582,0.0104599,2930,50.90115738,0.2,0.06637385,-13.13120317
11319,53,295,604160,598.18015,24,0.0003,0.198779297,80.46677823,0.802833378,0.993219858,0.00039546,2940,56.99360657,0.2,0.027966633,-13.11229737
11358,53,296,606208,599.91811,24,0.0003,0.192773438,76.08937255,0.802544832,0.993866188,0.002663928,2950,24.33638191,0.2,0.12309468,-13.09551837
11397,53,297,608256,600.58351,24,0.0003,0.210595703,79.47558653,0.802504718,0.996517151,-0.000263961,2960,52.86564636,0.2,0.06085652,-13.09304854
11436,53,298,610304,601.96073,24,0.0003,0.201318359,78.94637601,0.800313175,0.99711665,0.000912206,2970,39.73600769,0.2,0.09961712,-13.07755108
11475,53,299,612352,601.67775,24,0.0003,0.250537109,72.26378428,0.797987342,0.996827434,0.014325,2980,38.15603256,0.2,0.22594157,-13.04366084
11514,53,300,614400,602.60704,24,0.0003,0.18046875,73.54630294,0.799987197,0.996267315,0.000673808,2990,27.44424438,0.2,0.05192782,-13.0423263
11554,53,301,616448,602.46724,24,0.0003,0.201806641,66.97406157,0.799750566,0.996691568,0.001482244,3000,21.85100174,0.2,0.04892697,-13.05133014
11593,53,302,618496,603.69496,24,0.0003,0.176025391,71.83876257,0.797088981,0.997175373,-0.001845155,3010,56.82098007,0.2,0.016824704,-13.02965472
11632,53,303,620544,603.68673,24,0.0003,0.203076172,68.91896347,0.79468441,0.996838534,0.003187514,3020,36.44674683,0.2,0.036306933,-12.99366294
11670,53,304,622592,605.65335,24,0.0003,0.237548828,63.83684432,0.794280291,0.99738668,-0.002040744,3030,30.51760483,0.2,0.2363557,-12.97559816
11709,53,305,624640,605.40722,24,0.0003,0.17421875,68.98975039,0.794222891,0.9962687,0.00187303,3040,17.39691734,0.2,0.34632915,-12.97078766
11747,53,306,626688,604.86859,24,0.0003,0.144726563,60.93115911,0.795012295,0.99761911,-0.003068406,3050,34.34483337,0.2,0.025744703,-12.97558449
11785,53,307,628736,604.92181,24,0.0003,0.193994141,61.46999769,0.795011342,0.996727886,-0.000363049,3060,24.62284279,0.2,0.022786435,-12.9793196
11823,53,308,630784,605.6012,24,0.0003,0.215234375,57.27843604,0.793978512,0.99723399,-0.001510574,3070,26.87724495,0.2,0.0597355,-12.97341115
11862,53,309,632832,605.28454,24,0.0003,0.159716797,61.50186831,0.791921258,0.997764402,-0.000930633,3080,33.70599747,0.2,0.02417608,-12.94806178
11900,53,310,634880,605.56488,24,0.0003,0.213427734,67.81458422,0.792782247,0.997362093,0.000716628,3090,41.8970108,0.2,0.014226276,-12.94583175
11938,53,311,636928,606.06669,24,0.0003,0.23828125,58.27753032,0.792464018,0.997081854,0.009497765,3100,18.99852753,0.2,0.40011787,-12.94772002
11976,53,312,638976,606.07846,24,0.0003,0.147949219,62.40749138,0.792169988,0.996113691,0.000706661,3110,22.61108398,0.2,0.024268912,-12.94410662
12014,53,313,641024,606.14858,24,0.0003,0.204833984,62.17889374,0.793068528,0.997234787,0.007762604,3120,22.28508186,0.2,0.033721313,-12.94797132
12052,53,314,643072,606.42764,24,0.0003,0.128076172,59.55254756,0.792457581,0.997914939,-0.001647156,3130,9.068019867,0.2,0.01898359,-12.94728443
12090,53,315,645120,606.59123,24,0.0003,0.138330078,64.14206405,0.791894495,0.997916085,0.005629657,3140,29.07966614,0.2,0.020675886,-12.94079683
12128,53,316,647168,606.21469,24,0.0003,0.20859375,60.77359364,0.79350239,0.996211902,-0.005652555,3150,29.71647072,0.2,0.04754515,-12.94933937
12167,53,317,649216,606.50057,24,0.0003,0.239013672,56.2906361,0.793644905,0.996701449,0.018837048,3160,23.27032089,0.2,0.07633594,-12.96116108
12206,53,318,651264,606.3291,24,0.0003,0.185253906,56.25351253,0.79403919,0.99769232,-0.004504131,3170,29.25458908,0.2,0.022539057,-12.96176296
12245,53,319,653312,605.69423,24,0.0003,0.188818359,57.3483893,0.79203248,0.997023752,-0.001195666,3180,35.32419968,0.2,0.26457462,-12.94936812
12283,53,320,655360,605.65787,24,0.0003,0.158007813,58.34690406,0.79251349,0.998045994,-0.003440683,3190,28.68256378,0.2,0.012662966,-12.93686424
12321,53,321,657408,605.78599,24,0.0003,0.321191406,50.92827549,0.792176247,0.997618041,0.021920801,3200,20.24842834,0.2,0.35058904,-12.94051224
12360,53,322,659456,606.2126,24,0.0003,0.180371094,58.1429854,0.791336954,0.997310353,0.010211353,3210,29.75547218,0.2,0.0512271,-12.93058899
12398,53,323,661504,606.34077,24,0.0003,0.155810547,53.10902126,0.790607214,0.998002217,0.000570882,3220,23.96523285,0.2,0.03684924,-12.91926769
12436,53,324,663552,606.40511,24,0.0003,0.225097656,58.25097008,0.790799856,0.998032709,0.007483826,3230,31.70850754,0.2,0.12505826,-12.91580718
12474,53,325,665600,606.6408,24,0.0003,0.210595703,48.85443919,0.791712403,0.997550302,-0.002399833,3240,45.16209793,0.2,0.20153907,-12.91928566
12512,53,326,667648,606.15121,24,0.0003,0.262646484,50.48235069,0.789073229,0.997571882,0.009140886,3250,17.20598793,0.2,0.07107182,-12.9092466
12550,53,327,669696,606.47777,24,0.0003,0.20078125,49.41964425,0.78812176,0.998201774,-0.002394731,3260,27.95410156,0.2,0.019026082,-12.88770533
12589,53,328,671744,606.45848,24,0.0003,0.217333984,49.22026984,0.789838433,0.997905366,0.015957372,3270,29.81869316,0.2,0.22257859,-12.89780933
12627,53,329,673792,606.93642,24,0.0003,0.224023438,60.94389535,0.789472759,0.998124733,0.050521551,3280,24.45014954,0.2,1.3236774,-12.91035256
12666,53,330,675840,607.09957,24,0.0003,0.182421875,54.29015799,0.789060056,0.997494983,0.000406472,3290,14.88299274,0.2,0.016424472,-12.90685081
12704,53,331,677888,607.05645,24,0.0003,0.195410156,55.33226995,0.786550522,0.998051264,-0.003388793,3300,22.17224503,0.2,0.036455616,-12.88263257
12742,53,332,679936,606.85646,24,0.0003,0.243994141,56.82488916,0.786481142,0.998139312,0.005418599,3310,22.79507256,0.2,0.8044254,-12.86598054
12781,53,333,681984,606.88036,24,0.0003,0.181982422,56.16377366,0.787544668,0.996362268,-0.006032695,3320,30.98801613,0.2,0.029720886,-12.87918691
12820,53,334,684032,607.1916,24,0.0003,0.202978516,55.69341369,0.786912203,0.998068311,-0.001491908,3330,16.06232262,0.2,0.048432365,-12.88004721
12859,53,335,686080,607.1415,24,0.0003,0.149121094,54.893798,0.784114301,0.997289882,-0.002804313,3340,22.90246773,0.2,0.020128332,-12.85594253
12897,53,336,688128,607.30478,24,0.0003,0.309716797,52.4581046,0.783679008,0.997926895,0.031990834,3350,28.09643936,0.2,0.42691165,-12.83428506
12935,53,337,690176,607.35659,24,0.0003,0.161425781,55.25036762,0.782164991,0.996821338,0.000829931,3360,17.72358131,0.2,0.08968282,-12.82284929
12973,53,338,692224,607.34766,24,0.0003,0.198486328,52.30371909,0.78274405,0.998218708,0.002513141,3370,41.24387741,0.2,0.021659128,-12.81301818
13012,53,339,694272,607.67937,24,0.0003,0.165527344,47.84036943,0.781985343,0.99765522,0.001159764,3380,36.50875092,0.2,0.11954868,-12.81684541
13050,53,340,696320,607.7401,24,0.0003,0.253027344,57.10398983,0.780755103,0.997932244,0.015432421,3390,11.82439041,0.2,0.16053253,-12.80187648
13089,53,341,698368,607.97622,24,0.0003,0.174951172,50.76727511,0.781474054,0.997979042,-0.000592046,3400,37.29333496,0.2,0.020568095,-12.79544061
13128,53,342,700416,608.14606,24,0.0003,0.196337891,48.59109868,0.779731154,0.997687672,0.004925384,3410,27.22122002,0.2,0.06143212,-12.7930579
13167,53,343,702464,607.97313,24,0.0003,0.189306641,56.70409936,0.778443098,0.996056629,0.007785633,3420,20.3838253,0.2,0.09538218,-12.76797909
13207,53,344,704512,607.9312,24,0.0003,0.212744141,48.09602181,0.780228555,0.9980564,-0.003859048,3430,13.16136932,0.2,0.057607234,-12.77548276
13246,53,345,706560,607.81558,24,0.0003,0.1875,50.12938473,0.778911412,0.997672711,0.004605005,3440,25.82917213,0.2,0.06629382,-12.77172577
13284,53,346,708608,608.00521,24,0.0003,0.202636719,50.9684001,0.778896928,0.997919116,-0.002120723,3450,24.21507072,0.2,0.08909123,-12.76316815
13323,53,347,710656,607.88901,24,0.0003,0.175097656,49.39443344,0.779328525,0.997325226,-0.003464425,3460,28.35219765,0.2,0.018413065,-12.76295216
13362,53,348,712704,608.14704,24,0.0003,0.154638672,50.04631596,0.779853284,0.998198301,-0.002759805,3470,14.91779137,0.2,0.025931627,-12.76917869
13400,53,349,714752,608.36713,24,0.0003,0.144628906,43.30485258,0.779498875,0.997728832,-0.003776071,3480,24.54718208,0.2,0.044699606,-12.76823877
13438,53,350,716800,608.70757,24,0.0003,0.145849609,47.56850371,0.778917849,0.998118064,0.0006992,3490,14.1260519,0.2,0.025589589,-12.76509168
13478,53,351,718848,608.46376,24,0.0003,0.162109375,47.96125379,0.780076385,0.99815866,-0.005998943,3500,27.32953644,0.2,0.01751694,-12.76586674
13517,53,352,720896,608.32445,24,0.0003,0.179833984,45.29171266,0.777992308,0.997756002,-0.00329135,3510,31.32032967,0.2,0.39254192,-12.76028575
13556,53,353,722944,607.70202,24,0.0003,0.216064453,49.1734911,0.778354287,0.998077652,0.000364549,3520,22.81087112,0.2,0.24734625,-12.75052404
13594,53,354,724992,607.95785,24,0.0003,0.187304688,46.16481176,0.778434932,0.998037289,0.002018378,3530,10.22988129,0.2,0.294772,-12.75406091
13633,53,355,727040,607.61806,24,0.0003,0.220166016,53.21511528,0.777680159,0.998363101,-0.001753152,3540,22.60162926,0.2,0.52636135,-12.74817531
13671,53,356,729088,608.51979,24,0.0003,0.247460938,47.86673813,0.776519537,0.997584566,-0.000204413,3550,46.60762787,0.2,1.3138611,-12.73550946
13710,53,357,731136,608.28935,24,0.0003,0.167626953,49.08254414,0.777217329,0.995968021,0.009766626,3560,27.42918015,0.2,0.029352069,-12.73505853
13748,53,358,733184,608.36645,24,0.0003,0.145800781,46.94335407,0.776866853,0.995240081,-0.001841172,3570,17.31123924,0.2,0.01150156,-12.73872546
13787,53,359,735232,608.96573,24,0.0003,0.208203125,46.02043922,0.776348531,0.997470608,-0.006729935,3580,31.76234245,0.2,0.83427703,-12.73589348
13827,53,360,737280,609.01888,24,0.0003,0.13203125,57.25692471,0.775838494,0.996597036,-0.004533626,3590,34.60877228,0.2,0.016487554,-12.73293399
13866,53,361,739328,609.03606,24,0.0003,0.193896484,55.32586873,0.775712013,0.997766492,-0.007369073,3600,20.35812759,0.2,0.038032446,-12.72209298
13905,53,362,741376,609.18616,24,0.0003,0.151464844,48.81354342,0.775635898,0.998388031,0.000126508,3610,41.953228,0.2,0.07766834,-12.71964546
13944,53,363,743424,609.23018,24,0.0003,0.175390625,51.10802323,0.773625314,0.997200524,-0.004174696,3620,24.02453995,0.2,0.08782321,-12.70135143
13982,53,364,745472,609.50654,24,0.0003,0.143261719,52.62072958,0.772657454,0.998044317,-0.007301173,3630,15.11359119,0.2,0.059807643,-12.68030887
14021,53,365,747520,609.61863,24,0.0003,0.188867188,51.81963435,0.771012664,0.998140576,0.012988554,3640,18.66522217,0.2,0.14833769,-12.66038605
14059,53,366,749568,609.50603,24,0.0003,0.150634766,48.02157022,0.770977199,0.997490156,-0.004258128,3650,13.45937347,0.2,0.01129625,-12.64719031
14097,53,367,751616,609.72268,24,0.0003,0.15546875,46.81828661,0.772613525,0.998418471,-0.004176708,3660,15.07389927,0.2,0.018643659,-12.65906965
14135,53,368,753664,609.46355,24,0.0003,0.137744141,44.70622324,0.770657182,0.998351656,-0.00168051,3670,19.22604561,0.2,0.010474803,-12.65374159
14174,53,369,755712,609.24189,24,0.0003,0.149316406,51.64581515,0.770813763,0.998338148,-0.004273325,3680,26.41868591,0.2,0.01895195,-12.63985154
14213,53,370,757760,609.92724,24,0.0003,0.169335938,48.32724556,0.771262705,0.997457282,-0.00818788,3690,10.96714211,0.2,0.2238687,-12.65067941
14251,53,371,759808,610.32758,24,0.0003,0.200976563,49.50803016,0.771097779,0.997981595,0.002872425,3700,33.3478241,0.2,0.03503652,-12.65082687
14289,53,372,761856,610.26388,24,0.0003,0.193994141,46.84357895,0.770797372,0.998155192,0.002707136,3710,26.49659538,0.2,0.04951147,-12.64895118
14328,53,373,763904,610.24318,24,0.0003,0.138037109,46.83521442,0.76921767,0.997726429,0.007368939,3720,21.06647491,0.2,0.030979278,-12.63624761
14367,53,374,765952,610.06871,24,0.0003,0.308837891,49.13717449,0.768963814,0.997902248,0.015035118,3730,28.7644062,0.2,0.15764917,-12.62878275
14405,53,375,768000,609.59416,24,0.0003,0.180761719,44.87903352,0.768999875,0.998453678,0.002360271,3740,12.50072765,0.2,0.31025305,-12.6259688
14444,53,376,770048,609.00986,24,0.0003,0.213720703,48.57197881,0.769075155,0.997591986,-0.003539587,3750,19.91470528,0.2,0.18949768,-12.62148089
14482,53,377,772096,609.24521,24,0.0003,0.132470703,52.58169063,0.767838299,0.998213936,-0.001955946,3760,28.48525047,0.2,0.021992102,-12.61460474
14521,53,378,774144,608.8485,24,0.0003,0.145458984,48.55820179,0.767291009,0.998091532,-0.002093689,3770,18.64258957,0.2,0.03191193,-12.60586641
14560,53,379,776192,609.22465,24,0.0003,0.190283203,47.41155605,0.768416047,0.997683805,-0.000354657,3780,22.49733925,0.2,0.048331495,-12.60661845
14599,53,380,778240,609.74701,24,0.0003,0.189697266,45.77026095,0.767156959,0.998344386,-0.001234313,3790,23.98878098,0.2,0.27855593,-12.60406468
14640,53,381,780288,609.44416,24,0.0003,0.235644531,45.59224644,0.766318142,0.997321944,0.010549885,3800,15.59448624,0.2,0.06865733,-12.59083117
14679,53,382,782336,609.41232,24,0.0003,0.189111328,45.87591342,0.767143428,0.998322839,0.00266883,3810,24.71857262,0.2,0.3596611,-12.5916443
14719,53,383,784384,609.05232,24,0.0003,0.175097656,45.01830402,0.768484533,0.998509159,0.00575279,3820,13.38315392,0.2,0.16040072,-12.60377006
14759,53,384,786432,610.1143,24,0.0003,0.226708984,47.59639789,0.768701732,0.997866506,-0.001727493,3830,7.864537239,0.2,0.059710238,-12.61371066
14799,53,385,788480,609.92767,24,0.0003,0.133398438,44.45674129,0.768039703,0.998385873,-0.002327367,3840,15.34586906,0.2,0.03664352,-12.60993991
14838,53,386,790528,610.61362,24,0.0003,0.206201172,43.69465978,0.767451644,0.998417595,0.0181536,3850,20.21430397,0.2,0.2466837,-12.60131723
14876,53,387,792576,610.63144,24,0.0003,0.163476563,51.98388388,0.767382681,0.997547026,0.01110664,3860,28.43495178,0.2,0.1096117,-12.59298356
14915,53,388,794624,610.77387,24,0.0003,0.190136719,45.72431326,0.768349886,0.996139649,0.001683568,3870,26.10546112,0.2,0.021194093,-12.59514575
14954,53,389,796672,610.92007,24,0.0003,0.168798828,51.68740168,0.769328713,0.998112967,-0.007848323,3880,48.40839386,0.2,0.05473308,-12.61053224
14992,53,390,798720,611.00934,24,0.0003,0.192724609,51.47093902,0.768740475,0.997849296,0.005060155,3890,17.08740234,0.2,0.035748772,-12.61172223
15032,53,391,800768,611.17627,24,0.0003,0.199023438,50.11242496,0.770854771,0.998212153,0.000639367,3900,19.74714661,0.2,0.035308972,-12.61991592
15070,53,392,802816,612.70968,24,0.0003,0.339746094,46.67856842,0.76995492,0.998119065,0.039316013,3910,19.49379921,0.2,5.324538,-12.63014536
15109,53,393,804864,613.03484,24,0.0003,0.193164063,59.08787912,0.768460691,0.998034061,0.005636786,3920,28.95165634,0.2,0.020585285,-12.61090978
15148,53,394,806912,613.02314,24,0.0003,0.123046875,55.20370299,0.768610001,0.997811654,0.00283213,3930,22.89444923,0.2,0.01565671,-12.60030511
15187,53,395,808960,613.11359,24,0.0003,0.214355469,50.21073896,0.769425452,0.99671215,0.011409573,3940,22.66606903,0.2,0.022940926,-12.61061426
15226,53,396,811008,612.73727,24,0.0003,0.228173828,56.15443386,0.768907785,0.997960161,0.004337057,3950,24.62153816,0.2,0.62858063,-12.61700822
15266,53,397,813056,612.04139,24,0.0003,0.207275391,51.28447897,0.767604411,0.997621532,-0.000133937,3960,48.82440186,0.2,0.27107173,-12.60181058
15303,53,398,815104,612.05255,24,0.0003,0.189990234,48.13783961,0.766902924,0.995765102,0.000863906,3970,18.05912971,0.2,0.025759976,-12.58445366
15342,53,399,817152,612.33368,24,0.0003,0.133496094,49.82290298,0.766438901,0.998044902,-0.000448246,3980,14.41267967,0.2,0.023167875,-12.57625878
15381,53,400,819200,612.36462,24,0.0003,0.180517578,47.79274977,0.766195536,0.998203286,0.003516766,3990,20.82500648,0.2,0.07300031,-12.57431973
15419,53,401,821248,612.10122,24,0.0003,0.180810547,48.63427684,0.766979814,0.998413452,-0.001434763,4000,23.04261208,0.2,0.028121118,-12.57331922
15459,53,402,823296,612.21687,24,0.0003,0.103173828,45.99677159,0.764615834,0.998520483,0.000967477,4010,16.71615219,0.2,0.009987722,-12.56828934
15498,53,403,825344,612.24244,24,0.0003,0.215087891,53.0597985,0.763352215,0.998077362,0.001663746,4020,28.39578629,0.2,0.03282559,-12.54232292
15537,53,404,827392,612.32714,24,0.0003,0.122412109,52.23099878,0.762917459,0.997652993,0.007252211,4030,12.40946293,0.2,0.012348301,-12.52606464
15576,53,405,829440,612.37674,24,0.0003,0.187402344,42.08038208,0.76308912,0.998619455,0.00529717,4040,21.78180504,0.2,0.010813596,-12.52810751
15615,53,406,831488,612.36708,24,0.0003,0.149316406,46.45848361,0.763518512,0.998207825,0.000143611,4050,20.80358315,0.2,0.014546432,-12.53299195
15653,53,407,833536,612.36105,24,0.0003,0.141015625,48.14238739,0.763850987,0.998429879,0.006316311,4060,16.36896133,0.2,0.013683582,-12.54052522
15692,53,408,835584,612.45641,24,0.0003,0.128613281,48.38269654,0.765157759,0.998311937,-0.000258375,4070,30.76779938,0.2,0.03036945,-12.55006159
15731,53,409,837632,612.6484,24,0.0003,0.220898438,48.70272983,0.766138256,0.997481377,-0.001044974,4080,28.11351395,0.2,1.2131515,-12.56167234
15770,53,410,839680,612.58472,24,0.0003,0.193896484,54.21890084,0.765433311,0.998327873,0.000950863,4090,17.72923088,0.2,0.9924826,-12.56257567
15809,53,411,841728,612.89116,24,0.0003,0.210498047,44.4866662,0.765074015,0.998496906,0.012147755,4100,14.83560658,0.2,0.7709503,-12.55201118
15848,53,412,843776,612.68962,24,0.0003,0.158642578,45.12413122,0.763448179,0.998067941,0.002520738,4110,58.48698807,0.2,0.6849491,-12.54129409
15888,53,413,845824,612.90436,24,0.0003,0.129003906,45.05570258,0.765030265,0.997798925,0.003690537,4120,18.71314621,0.2,0.023635447,-12.54185681
15926,53,414,847872,612.60272,24,0.0003,0.143359375,48.47780837,0.765150011,0.998009673,-0.008137872,4130,20.87124634,0.2,0.014141765,-12.54976406
15968,53,415,849920,612.57382,24,0.0003,0.128613281,46.53816028,0.765180171,0.998205719,-0.003688496,4140,33.53948975,0.2,0.012296154,-12.55599218
16008,53,416,851968,612.5744,24,0.0003,0.118945313,44.45097511,0.763647318,0.997460105,0.003277303,4150,19.15796089,0.2,0.01014741,-12.54397947
16047,53,417,854016,612.24909,24,0.0003,0.161669922,49.29217935,0.764321566,0.997264197,0.000265689,4160,18.69714737,0.2,0.029520586,-12.53666866
16088,53,418,856064,612.48163,24,0.0003,0.157617188,48.47083054,0.763783634,0.998518496,-0.001326972,4170,13.45016479,0.2,0.017891807,-12.53735628
16127,53,419,858112,612.6767,24,0.0003,0.138085938,55.26893697,0.763914883,0.997193311,7.19E-05,4180,9.761624336,0.2,0.030137412,-12.53394752
16167,53,420,860160,612.55371,24,0.0003,0.333300781,48.72175336,0.764050901,0.998371479,0.026321091,4190,14.71456242,0.2,0.042750992,-12.53946842
16206,53,421,862208,612.72149,24,0.0003,0.131347656,48.69844075,0.764035761,0.99759174,-0.002232108,4200,13.7324791,0.2,0.021632234,-12.5375189
16246,53,422,864256,612.71393,24,0.0003,0.159667969,42.47229038,0.76365298,0.998735123,-0.001570875,4210,21.66942978,0.2,0.06677915,-12.53969659
16285,53,423,866304,613.5864,24,0.0003,0.215478516,56.70416049,0.76294446,0.99842741,-0.003059971,4220,11.16247082,0.2,1.3980412,-12.53044107
16325,53,424,868352,613.73152,24,0.0003,0.174609375,45.1912672,0.762407839,0.996036892,0.011034649,4230,14.78856659,0.2,0.15715653,-12.52514211
16364,53,425,870400,613.75767,24,0.0003,0.143505859,50.40873666,0.763003707,0.998328838,-0.005421678,4240,28.51944542,0.2,0.012387822,-12.52110147
16404,53,426,872448,613.932,24,0.0003,0.18671875,43.54996713,0.761876106,0.998288358,0.003065052,4250,19.23134232,0.2,0.008839089,-12.5178963
16443,53,427,874496,613.69691,24,0.0003,0.193408203,43.54647044,0.760794103,0.998598609,0.002848404,4260,17.60173988,0.2,0.03655088,-12.49943886
16481,53,428,876544,613.8136,24,0.0003,0.159960938,50.71398758,0.760932922,0.998586786,0.002600049,4270,12.18803883,0.2,0.024351608,-12.49567026
16520,53,429,878592,613.7911,24,0.0003,0.161328125,45.26561877,0.759313643,0.998494707,-0.001955732,4280,61.0631485,0.2,0.023898538,-12.47934507
16558,53,430,880640,613.90453,24,0.0003,0.159814453,56.24619535,0.75912261,0.997419963,-0.005142429,4290,10.55764675,0.2,0.013375657,-12.47159885
16597,53,431,882688,613.84483,24,0.0003,0.157421875,46.90272427,0.758699358,0.998050465,-0.005204116,4300,12.1314621,0.2,0.01874346,-12.46847415
16635,53,432,884736,614.20911,24,0.0003,0.206298828,52.0764591,0.758175492,0.998426292,-0.000829321,4310,21.58361244,0.2,0.015399896,-12.46354206
16674,53,433,886784,614.03196,24,0.0003,0.139160156,46.91460597,0.758094788,0.998428117,-0.003774035,4320,25.63345909,0.2,0.012676859,-12.45937767
16713,53,434,888832,614.18453,24,0.0003,0.207568359,48.47214088,0.757633209,0.997394555,0.007507067,4330,24.00096703,0.2,0.019376798,-12.45796901
16753,53,435,890880,614.21821,24,0.0003,0.140136719,47.94250979,0.757206023,0.998073358,-0.002721599,4340,15.6642971,0.2,0.022463195,-12.44823844
16791,53,436,892928,614.03122,24,0.0003,0.18125,42.70589414,0.755987525,0.998391426,0.000905857,4350,27.33331871,0.2,0.06840137,-12.43953622
16830,53,437,894976,614.25755,24,0.0003,0.119433594,47.12071995,0.755287945,0.998455671,-0.002612906,4360,26.78236198,0.2,0.017065316,-12.4286103
16868,53,438,897024,614.27234,24,0.0003,0.140917969,44.64091564,0.755258322,0.997992461,-0.004666822,4370,22.19631577,0.2,0.024790712,-12.42657915
16907,53,439,899072,614.2263,24,0.0003,0.147070313,47.27199082,0.754816055,0.998369702,-0.003566773,4380,46.28964615,0.2,0.011416016,-12.42184122
16946,53,440,901120,614.1023,24,0.0003,0.157275391,45.68838533,0.754544854,0.99636901,-0.003803963,4390,11.02274323,0.2,0.1297727,-12.41531298
16985,53,441,903168,613.82074,24,0.0003,0.206591797,45.07262757,0.753683686,0.998705605,0.000658792,4400,32.92837906,0.2,0.7395824,-12.40585129
17025,53,442,905216,613.57515,24,0.0003,0.214892578,40.83172446,0.752628267,0.994509099,0.003792839,4410,16.1602211,0.2,0.013841399,-12.3933478
17065,53,443,907264,614.06464,24,0.0003,0.208642578,45.26301867,0.75253731,0.997839391,0.00231316,4420,18.21201134,0.2,0.020749936,-12.38540429
17104,53,444,909312,613.85098,24,0.0003,0.135058594,40.41045506,0.751612067,0.99842077,-0.001203607,4430,58.37195969,0.2,0.014306937,-12.37374687
17143,53,445,911360,614.08012,24,0.0003,0.170019531,42.75948573,0.750435114,0.99779569,-0.001070071,4440,20.76760292,0.2,0.012429282,-12.35912941
17183,53,446,913408,613.52675,24,0.0003,0.127294922,40.70430565,0.749987602,0.998280034,-0.000430999,4450,11.77637959,0.2,0.014820572,-12.34733198
17222,53,447,915456,613.95425,24,0.0003,0.152246094,37.32958686,0.749655724,0.998999328,-0.004794177,4460,7.115170479,0.2,0.01897176,-12.34120975
17261,53,448,917504,613.90852,24,0.0003,0.157128906,27.36262792,0.751806676,0.998924748,-0.003104023,4470,18.79362869,0.2,0.017906604,-12.35387475
17300,53,449,919552,614.03641,24,0.0003,0.195654297,36.86419444,0.751809835,0.998149578,0.000251781,4480,10.15335846,0.2,0.012245758,-12.37309755
17338,53,450,921600,614.01064,24,0.0003,0.155273438,26.97308336,0.752301991,0.998941401,0.001682365,4490,8.971443176,0.2,0.015464135,-12.37626005
17377,53,451,923648,613.76686,24,0.0003,0.141894531,32.12439095,0.751087427,0.999164837,0.000230544,4500,39.10902023,0.2,0.015068389,-12.37295161
17416,53,452,925696,614.01802,24,0.0003,0.157080078,27.36991334,0.751008809,0.997495195,-0.001214538,4510,14.61098194,0.2,0.03035298,-12.36417027
17455,53,453,927744,614.6484,24,0.0003,0.206787109,26.19531429,0.751705766,0.998187601,-0.000215179,4520,4.473587513,0.2,1.0927839,-12.36740243
17494,53,454,929792,614.61295,24,0.0003,0.177734375,32.17349841,0.751379251,0.998719817,0.002725374,4530,24.01518059,0.2,0.021339318,-12.3694209
17534,53,455,931840,615.02925,24,0.0003,0.116308594,30.18377748,0.751641631,0.995495828,0.003383594,4540,23.45941734,0.2,0.010753339,-12.36773238
17572,53,456,933888,614.90291,24,0.0003,0.150439453,30.84271451,0.749556601,0.998291694,0.001630041,4550,38.02706909,0.2,0.010608965,-12.35685833
17611,53,457,935936,615.06096,24,0.0003,0.211083984,26.2989558,0.748191416,0.99796948,0.010955878,4560,8.340421677,0.2,0.017175555,-12.33155049
17649,53,458,937984,615.16499,24,0.0003,0.116992188,31.49573672,0.748673618,0.999272982,-0.002306656,4570,19.14300537,0.2,0.009742681,-12.32444584
17686,53,459,940032,614.93194,24,0.0003,0.164257813,29.50688653,0.74787432,0.998303637,0.000849534,4580,33.66814804,0.2,0.10808,-12.32308537
17725,53,460,942080,615.18887,24,0.0003,0.175683594,29.22456007,0.74829489,0.998021679,0.001359727,4590,14.10618401,0.2,0.021772254,-12.31875592
17762,53,461,944128,614.94459,24,0.0003,0.225146484,28.07040233,0.746276319,0.999258018,0.013363961,4600,8.582922935,0.2,1.0146567,-12.30285171
17800,53,462,946176,614.91193,24,0.0003,0.149316406,34.59548943,0.746576667,0.999283013,0.004301906,4610,10.39990807,0.2,0.02007803,-12.28801815
17839,53,463,948224,614.81973,24,0.0003,0.145605469,26.66127746,0.746709764,0.998985178,-0.002315858,4620,29.14530373,0.2,0.022501,-12.29320387
17877,53,464,950272,614.76651,24,0.0003,0.104882813,28.44730424,0.746859968,0.998385739,-0.003861142,4630,8.79023838,0.2,0.018975504,-12.29476029
17915,53,465,952320,614.89324,24,0.0003,0.182177734,29.27395278,0.745474815,0.999081537,2.46E-05,4640,11.6106987,0.2,0.022112133,-12.28542458
17954,53,466,954368,614.90776,24,0.0003,0.157128906,27.05173752,0.745059967,0.998253471,0.002368177,4650,6.561568737,0.2,0.015528455,-12.27453766
17992,53,467,956416,615.01775,24,0.0003,0.184570313,31.42821516,0.745826542,0.999248942,0.0017151,4660,4.788943768,0.2,0.015531048,-12.27313657
18030,53,468,958464,614.90558,24,0.0003,0.227636719,33.78812065,0.746137798,0.999293338,0.006843592,4670,10.06353378,0.2,1.2625074,-12.28245411
18068,53,469,960512,614.74604,24,0.0003,0.248535156,26.63545258,0.746590436,0.999216264,0.002736267,4680,15.98851013,0.2,1.2447693,-12.28739239
18106,53,470,962560,615.15813,24,0.0003,0.180078125,30.66619639,0.746460915,0.998489535,0.002145053,4690,8.766662598,0.2,0.01775677,-12.28914217
18145,53,471,964608,615.17629,24,0.0003,0.227978516,24.06464766,0.745628297,0.999369397,0.012269602,4700,6.264321327,0.2,0.38744372,-12.28486813
18184,53,472,966656,615.60455,24,0.0003,0.262451172,27.13596404,0.746063054,0.99927839,0.015432559,4710,12.3390398,0.2,1.0626004,-12.27752362
18224,53,473,968704,615.95016,24,0.0003,0.167138672,28.20279543,0.745925307,0.999036999,0.002204077,4720,10.89346027,0.2,0.014352575,-12.27786582
18263,53,474,970752,615.87049,24,0.0003,0.203955078,28.52771747,0.745664001,0.999232983,0.004708412,4730,23.19927025,0.2,0.02142136,-12.26866006
18303,53,475,972800,616.03359,24,0.0003,0.178271484,31.88268167,0.745029986,0.998348095,0.003708194,4740,6.601211071,0.2,0.039018903,-12.26489124
18343,53,476,974848,616.14986,24,0.0003,0.284570313,21.60153473,0.744215786,0.999319561,0.021932728,4750,10.65524483,0.2,0.07534574,-12.24574594
18382,53,477,976896,616.15722,24,0.0003,0.176416016,27.28830488,0.744978964,0.999251662,-0.007798047,4760,10.68693447,0.2,0.025816055,-12.24672121
18423,53,478,978944,616.35827,24,0.0003,0.161083984,30.35795876,0.744385481,0.999317002,-0.001929035,4770,3.775005817,0.2,0.015243851,-12.24541956
18463,53,479,980992,616.08871,24,0.0003,0.168603516,28.48224069,0.74355334,0.999021362,-0.001985918,4780,8.899629593,0.2,0.10335472,-12.23327407
18502,53,480,983040,615.87478,24,0.0003,0.230957031,26.57834575,0.744004071,0.998962671,0.011462646,4790,12.26407623,0.2,0.9377233,-12.23154116
18542,53,481,985088,615.77298,24,0.0003,0.226123047,25.1192174,0.74259001,0.998423902,0.012201591,4800,7.60900259,0.2,0.033762887,-12.21819536
18581,53,482,987136,615.79977,24,0.0003,0.219482422,25.27827358,0.741972327,0.999419442,0.003891859,4810,24.07209396,0.2,0.03347086,-12.20632862
18621,53,483,989184,616.12984,24,0.0003,0.185449219,21.75468204,0.742039442,0.998912066,-0.004376683,4820,11.38146877,0.2,1.3432057,-12.19881274
18662,53,484,991232,616.37194,24,0.0003,0.199853516,27.26768927,0.74214381,0.9991267,-0.001506745,4830,12.02610397,0.2,0.019138403,-12.20354307
18702,53,485,993280,616.45428,24,0.0003,0.1796875,23.13123764,0.741699457,0.998720667,-0.00080858,4840,20.97274017,0.2,0.013032919,-12.19783203
18740,53,486,995328,616.42815,24,0.0003,0.159521484,25.74281335,0.740246832,0.998528149,0.001697431,4850,7.904415131,0.2,0.010946682,-12.18107124
18780,53,487,997376,616.22991,24,0.0003,0.183496094,28.01696869,0.741034508,0.999255072,0.000750753,4860,14.38175201,0.2,0.014135204,-12.17857579
18820,53,488,999424,616.1319,24,0.0003,0.109912109,31.95101792,0.74052465,0.998138428,-0.002513778,4870,20.28208733,0.2,0.014507083,-12.18015997
18860,53,489,1001472,616.64871,24,0.0003,0.187548828,25.4632871,0.74005872,0.999091524,-0.005183655,4880,18.94080925,0.2,0.11521654,-12.16947375
18901,53,490,1003520,616.84708,24,0.0003,0.333984375,27.90645246,0.740475655,0.998853375,0.035615965,4890,6.876523018,0.2,0.10896154,-12.16711819
18942,53,491,1005568,616.98571,24,0.0003,0.223876953,26.95188631,0.741009891,0.999373333,0.007839482,4900,10.3719244,0.2,0.0468795,-12.17429223
18982,53,492,1007616,617.12043,24,0.0003,0.176074219,32.414137,0.741185546,0.999335903,0.002896787,4910,8.57847023,0.2,0.14908937,-12.17996247
19022,53,493,1009664,617.08079,24,0.0003,0.18984375,31.03990061,0.740417421,0.997741594,0.021411363,4920,16.65863991,0.2,0.37767124,-12.17098579
19062,53,494,1011712,616.75478,24,0.0003,0.217480469,25.9033004,0.739816844,0.99926916,-0.001007909,4930,33.44281006,0.2,0.58678293,-12.16182858
19102,53,495,1013760,616.8614,24,0.0003,0.274462891,34.99904971,0.739254594,0.998995139,0.00607741,4940,35.96142197,0.2,0.06408551,-12.15007406
19141,53,496,1015808,616.19511,24,0.0003,0.686523438,27.38179318,0.742087781,0.998640426,0.150033301,4950,11.96505928,0.2,1.0805801,-12.17683785
19179,53,497,1017856,616.37811,24,0.0003,0.220751953,30.38201666,0.741391599,0.998448819,0.014391204,4960,6.796096325,0.2,0.054349236,-12.18315633
19218,53,498,1019904,616.5495,24,0.0003,0.193310547,24.94523494,0.740323246,0.99933923,0.009346353,4970,22.50033379,0.2,1.0610511,-12.16878451
19257,53,499,1021952,616.64832,24,0.0003,0.298193359,27.30446073,0.741396666,0.997695163,0.039404144,4980,9.133588791,0.2,0.3365954,-12.17148384
19297,53,500,1024000,616.56712,24,0.0003,0.230761719,25.28210327,0.74113065,0.998888905,0.01640258,4990,17.32510376,0.2,0.06426191,-12.17643214
19335,53,501,1026048,616.41452,24,0.0003,0.203857422,28.58465007,0.741677523,0.999282251,0.017020436,5000,11.6445179,0.2,0.019114953,-12.17523551
19375,53,502,1028096,616.32678,24,0.0003,0.283349609,20.86584428,0.740016162,0.999279526,0.025389139,5010,9.083200455,0.2,0.41366625,-12.1705602
19413,53,503,1030144,616.5246,24,0.0003,0.271923828,30.04893484,0.738229573,0.999418704,0.022772088,5020,6.415319443,0.2,0.02016586,-12.14231032
19453,53,504,1032192,616.28483,24,0.0003,0.179394531,27.61470939,0.738288879,0.998472524,0.006448503,5030,4.073791027,0.2,0.018192336,-12.13281446
19492,53,505,1034240,616.41795,24,0.0003,0.206347656,24.76643378,0.740412712,0.999450424,0.004700574,5040,31.0222435,0.2,0.04938475,-12.15175908
19530,53,506,1036288,616.36749,24,0.0003,0.162207031,32.03429344,0.739536226,0.997986667,0.001663272,5050,12.75181675,0.2,0.03127309,-12.16385607
19570,53,507,1038336,616.50903,24,0.0003,0.206689453,32.39631414,0.739474118,0.998797628,0.008643703,5060,10.94154644,0.2,0.038498476,-12.1532963
19609,53,508,1040384,616.60864,24,0.0003,0.155957031,22.65670449,0.739542067,0.998858763,0.001198041,5070,11.22985268,0.2,0.03463403,-12.16197422
19649,53,509,1042432,616.46363,24,0.0003,0.187451172,19.30955124,0.739275753,0.999100194,-0.002312749,5080,9.652341843,0.2,0.56016505,-12.15656776
19688,53,510,1044480,616.48512,24,0.0003,0.212109375,29.29026283,0.738020897,0.999151541,0.00335459,5090,5.530105114,0.2,0.051523015,-12.14516771
19727,53,511,1046528,616.55759,24,0.0003,0.196142578,22.07181173,0.738514006,0.999430402,-0.001013828,5100,26.63284874,0.2,0.013635427,-12.14024323
19766,53,512,1048576,616.67779,24,0.0003,0.169677734,23.29836013,0.737414718,0.997997143,-0.004083365,5110,15.01968861,0.2,0.03294644,-12.13558697
19806,53,513,1050624,616.48561,24,0.0003,0.186376953,27.61161205,0.736915648,0.998354287,0.007403318,5120,10.39429092,0.2,0.103809,-12.12364709
19845,53,514,1052672,616.6211,24,0.0003,0.2,25.48440169,0.736753821,0.999379635,-0.003421671,5130,7.666192055,0.2,0.01927924,-12.12128785
19883,53,515,1054720,616.63497,24,0.0003,0.178857422,25.69615429,0.735157073,0.998545742,0.00322563,5140,7.227538586,0.2,0.02136734,-12.11068897
19923,53,516,1056768,616.80145,24,0.0003,0.168798828,25.13025395,0.73401171,0.999297359,-0.003178928,5150,17.28071404,0.2,0.018926691,-12.08733649
19963,53,517,1058816,616.6914,24,0.0003,0.179980469,20.0527596,0.735787213,0.998764339,0.003438662,5160,6.455781937,0.2,0.008042617,-12.09175342
20001,53,518,1060864,616.44232,24,0.0003,0.228320313,23.43684521,0.737909913,0.999213244,-0.004580082,5170,5.414374828,0.2,1.2687333,-12.11997412
